tle="Dafydd ab Hugh">Dafydd ab Hugh</a> (born 1960)</dd>
<dd><a href="/wiki/Alexander_Abasheli" title="Alexander Abasheli">Alexander Abasheli</a> (1884–1954)</dd>
<dd><a href="/wiki/Edwin_Abbott_Abbott" title="Edwin Abbott Abbott">Edwin Abbott Abbott</a> (1838–1926), <i><a href="/wiki/Flatland" title="Flatland">Flatland</a></i></dd>
<dd><a href="/wiki/K%C5%8Db%C5%8D_Abe" title="Kōbō Abe">Kōbō Abe</a> (1924–1993)</dd>
<dd><a href="/wiki/Robert_Abernathy" title="Robert Abernathy">Robert Abernathy</a> (1924–1990)</dd>
<dd><a href="/wiki/Dan_Abnett" title="Dan Abnett">Dan Abnett</a> (born 1965)</dd>
<dd><a href="/wiki/Forrest_J_Ackerman" title="Forrest J Ackerman">Forrest J Ackerman</a> (1916–2008)</dd>
<dd><a href="/wiki/Douglas_Adams" title="Douglas Adams">Douglas Adams</a> (1952–2001)</dd>
<dd><a href="/wiki/Robert_Adams_(science_fiction_writer)" title="Robert Adams (science fiction writer)">Robert Adams</a> (1932–1990)</dd>
<dd><a href="/wiki/Ann_Aguirre" title="Ann Aguirre">Ann Aguirre</a> (born 1970)</dd>
<dd><a href="/wiki/Jerry_Ahern" title="Jerry Ahern">Jerry Ahern</a> (born 1946)</dd>
<dd><a href="/wiki/Humayun_Ahmed" title="Humayun Ahmed">Humayun Ahmed</a> (born 1948)</dd>
<dd><a href="/wiki/Jim_Aikin" title="Jim Aikin">Jim Aikin</a> (born 1948)</dd>
<dd><a href="/wiki/Alan_Burt_Akers" title="Alan Burt Akers" class="mw-redirect">Alan Burt Akers</a> (pseudonym of <a href="/wiki/Kenneth_Bulmer" title="Kenneth Bulmer">Kenneth Bulmer</a>)</dd>
<dd><a href="/wiki/Brian_Aldiss" title="Brian Aldiss">Brian Aldiss</a> (born 1925)</dd>
<dd><a href="/wiki/David_M._Alexander" title="David M. Alexander">David M. Alexander</a> (born 1945)</dd>
<dd><a href="/wiki/Lloyd_Alexander" title="Lloyd Alexander">Lloyd Alexander</a> (1924–2007)</dd>
<dd><a href="/wiki/Roger_MacBride_Allen" title="Roger MacBride Allen">Roger MacBride Allen</a> (born 1957)</dd>
<dd><a href="/wiki/Hans_Joachim_Alpers" title="Hans Joachim Alpers">Hans Joachim Alpers</a> (1943–2011)</dd>
<dd><a href="/wiki/Steve_Alten" title="Steve Alten">Steve Alten</a> (born 1959)</dd>
<dd><a href="/wiki/Genrich_Altshuller" title="Genrich Altshuller">Genrich Altshuller</a> (1926–1998)</dd>
<dd><a href="/wiki/Kingsley_Amis" title="Kingsley Amis">Kingsley Amis</a> (1922–1995)</dd>
<dd><a href=")</dd>
<dd><a href="/wiki/Kevin_J._Anderson" title="Kevin J. Anderson">Kevin J. Anderson</a> (born 1962)</dd>
<dd><a href="/wiki/Poul_Anderson" title="Poul Anderson">Poul Anderson</a> (1926–2001)</dd>
<dd><a href="/wiki/Christopher_Andrews" title="Christopher Andrews">Christopher Andrews</a> (born 1970)</dd>
<dd><a href="/wiki/Patricia_Anthony" title="Patricia Anthony">Patricia Anthony</a> (born 1947)</dd>
<dd><a href="/wiki/Piers_Anthony" title="Piers Anthony">Piers Anthony</a> (born 1934), <i><a href="/wiki/Xanth" title="Xanth">Xanth</a></i></dd>
<dd><a href="/wiki/Christopher_Anvil" title="Christopher Anvil">Christopher Anvil</a> (1925–2009) (pseudonym of Harry C. Crosby)</dd>
<dd><a href="/wiki/K._A._Applegate" title="K. A. Applegate">K. A. Applegate</a> (born 1956)</dd>
<dd><a href="/wiki/E.L._Arch" title="E.L. Arch" class="mw-redirect">E.L. Arch</a> (1922–1988) (pseudonym of <a href="/wiki/Rachel_Cosgrove_Payes" title="Rachel Cosgrove Payes">Rachel Cosgrove Payes</a>)</dd>
<dd><a href="/wiki/Eleanor_Arnason" title="Eleanor Arnason">Eleanor Arnason</a> (born 1942)</dd>
<dd><a href="/wiki/Robert_Arthur_(writer)" title="Robert Arthur (writer)" class="mw-redirect">Robert Arthur</a> (1909–1969)</dd>
<dd><a href="/wiki/Catherine_Asaro" title="Catherine Asaro">Catherine Asaro</a> (born 1955)</dd>
<dd><a href="/wiki/Neal_Asher" title="Neal Asher">Neal Asher</a> (born 1961)</dd>
<dd><a href="/wiki/Francis_Leslie_Ashton" title="Francis Leslie Ashton">Francis Leslie Ashton</a> (born 1904)</dd>
<dd><a href="/wiki/Isaac_Asimov" title="Isaac Asimov">Isaac Asimov</a> (1920–1992) (Russian: Айзек Азимов)</dd>
<dd><a href="/wiki/Janet_Asimov" title="Janet Asimov">Janet Asimov</a> (born 1926)</dd>
<dd><a href="/wiki/Nancy_Asire" title="Nancy Asire">Nancy Asire</a> (born 1945)</dd>
<dd><a href="/wiki/Robert_Asprin" title="Robert Asprin">Robert Asprin</a> (1946–2008), <i><a href=y">Phule's Company</a></i></dd>
<dd><a href="/wiki/A._A._Attanasio" title="A. A. Attanasio">A. A. Attanasio</a> (born 1951)</dd>
<dd><a href="/wiki/Margaret_Atwood" title="Margaret Atwood">Margaret Atwood</a> (born 1939)</dd>
<dd><a href="/wiki/Ayerdhal" title="Ayerdhal">Ayerdhal</a> (born 1959)</dd>
</dl>
<h2><span class="mw-headline" id="B">B</span><span class="mw-editsection"><sn</a></i></dd>
<dd><a href="/wiki/Paolo_Bacigalupi" title="Paolo Bacigalupi">Paolo Bacigalupi</a> (born 1972)</dd>
<dd><a href="/wiki/Hilary_Bailey" title="Hilary Bailey">Hilary Bailey</a> (born 1936)</dd>
<dd><a href="/wiki/Robin_Wayne_Bailey" title="Robin Wayne Bailey">Robin Wayne Bailey</a> (born 1952)</dd>
<dd><a href="/wiki/Kage_Baker" title="Kage Baker">Kage Baker</a> (1952–2010)</dd>
<dd><a href="/wiki/Scott_Baker_(writer)" title="Scott Baker (writer)">Scott Baker</a> (born 1947)</dd>
<dd><a href="/wiki/J._G._Ballard" title="J. G. Ballard">J. G. Ballard</a> (1930–2009)</dd>
<dd><a href="/wiki/Edwin_Balmer" title="Edwin Balmer">Edwin Balmer</a> (1883-1959)</dd>
<dd><a href="/wiki/Iain_M._Banks" title="Iain M. Banks" class="mw-redirect">Iain M. Banks</a> (1954-2013)</dd>
<dd><a href="/wiki/Raymond_E._Banks" title="Raymond E. Banks">Raymond E. Banks</a> (1918–1974) (also known as Ray Banks, Ray E. Banks, R.E. Banks, and Fred Freair)</dd>
<dd><a href="/wiki/Marek_Baraniecki" title="Marek Baraniecki">Marek Baraniecki</a> (born 1954)</dd>
<dd><a href="/wiki/Miquel_Barcel%C3%B3_(writer)" title="Miquel Barceló (writer)">Miquel Barceló</a> (born 1948)</dd>
<dd><a href="/wiki/Ren%C3%A9_Barjavel" title="René Barjavel">René Barjavel</a> (1911–1985)</dd>
<dd><a href="/wiki/Arthur_K._Barnes" title="Arthur K. Barnes">Arthur K. Barnes</a> (1911–1969)</dd>
<dd><a href="/wiki/John_Barnes_(author)" title="John Barnes (author)">John Barnes</a> (born 1957)</dd>
<dd><a href="/wiki/Steven_Barnes" title="Steven Barnes">Steven Barnes</a> (born 1952)</dd>
<dd><a href="/wiki/William_Barnwell" title="William Barnwell">William Barnwell</a> (born 1943)</dd>
<dd><a href="/wiki/Donald_Barr_(novelist)" title="Donald Barr (novelist)" class="mw-redirect">Donald Barr</a> (1921–2004)</dd>
<dd><a href="/wiki/Jo%C3%A3o_Barreiros" title="João Barreiros">João Barreiros</a> (born 1952)</dd>
<dd><a href="/wiki/William_Barton_(writer)" title="William Barton (writer)">William Barton</a> (born 1950)</dd>
<dd><a href="/wiki/T._J._Bass" title="T. J. Bass">T. J. Bass</a> (1932–2011) (pseudonym of Thomas J. Bassler)</dd>
<dd><a href="/wiki/Harry_Bates_(author)" title="Harry Bates (author)">Harry Bates</a> (1900–1981)</dd>
<dd><a href="/wiki/L._Frank_Baum" title="L. Frank Baum">L. Frank Baum</a> (1856–1919)</dd>
<dd><a href="/wiki/John_Baxter_(author)" title="John Baxter (author)">John Baxter</a> (born 1939)</dd>
<dd><a href="/wiki/Stephen_Baxter" title="Stephen Baxter">Stephen Baxter</a> (born 1957)</dd>
<dd><a href="/wiki/Georgy_Baydukov" title="Georgy Baydukov">Georgy Baydukov</a> (1907–1994)</dd>
<dd><a href="/wiki/Barrington_J._Bayley" title="Barrington J. Bayley">Barrington J. Bayley</a> (1937–2008)</dd>
<dd><a href="/wiki/Elizabeth_Bear" title="Elizabeth Bear">Elizabeth Bear</a> (born 1971)</dd>
<dd><a href="/wiki/Greg_Bear" title="Greg Bear">Greg Bear</a> (born 1951)</dd>
<dd><a href="/wiki/Jerome_Beatty_Jr" title="Jerome Beatty Jr" class="mw-redirect">Jerome Beatty Jr</a> (1918–2002)</dd>
<dd><a href="/wiki/Charles_Beaumont" title="Charles Beaumont">Charles Beaumont</a> (1929–1967)</dd>
<dd><a href="/wiki/Vladimir_Beekman" title="Vladimir Beekman">Vladimir Beekman</a> (1929–2009)</dd>
<dd><a href="/wiki/Alexander_Beliaev" title="Alexander Beliaev" class="mw-redirect">Alexander Beliaev</a> (1884–1942)</dd>
<dd><a href="/wiki/Edward_Bellamy" title="Edward Bellamy">Edward Bellamy</a> (1850–1898)</dd>
<dd><a href="/wiki/Andrei_Belyanin" title="Andrei Belyanin">Andrei Belyanin</a> (born 1967)</dd>
<dd><a href="/wiki/Don_Bendell" title="Don Bendell">Don Bendell</a> (born 1947) (pseudonym of Ron Stillman)</dd>
<dd><a href="/wiki/Gregory_Benford" title="Gregory Benford">Gregory Benford</a> (born 1941)</dd>
<dd><a href="/wiki/J._D._Beresford" title="J. D. Beresford">J. D. Beresford</a> (1873–1947)</dd>
<dd><a href="/wiki/Fyodor_Berezin" title="Fyodor Berezin">Fyodor Berezin</a> (born 1960)</dd>
<dd>–1655)</dd>
<dd>Jack Bertin (pseudonym of <a href="/wiki/Peter_B._Germano" title="Peter B. Germano">Peter B. Germano</a>)</dd>dd>
<dd><a href="/wiki/Bruce_Bethke" title="Bruce Bethke">Bruce Bethke</a> (born 1955)</dd>
<dd><a href="/wiki/Ambrose_Bierce" title="Ambrose Bierce">Ambrose Bierce</a> (1842–1914?)</dd>
<dd><a href="/wiki/Lloyd_Biggle,_Jr." title="Lloyd Biggle, Jr.">Lloyd Biggle, Jr.</a> (1923–2002)</dd>
<dd><a href="/wiki/Eando_Binder" title="Eando Binder">Eando Binder</a> (joint pseudonym of Earl (1904–1966) and Otto (1911–1974) Binder)</dd>
<dd><a href="/wiki/John_Birmingham" title="John Birmingham">John Birmingham</a> (born 1964)</dd>
<dd><a href="/wiki/David_Bischoff" title="David Bischoff">David Bischoff</a> (born 1951)</dd>
<dd><a href="/wiki/Michael_Bishop_(author)" title="Michael Bishop (author)">Michael Bishop (author)</a> (born 1945)</dd>
<dd><a href="/wiki/Terry_Bisson" title="Terry Bisson">Terry Bisson</a> (born 1942)</dd>
<dd><a href="/wiki/Jerome_Bixby" title="Jerome Bixby">Jerome Bixby</a> (1923–1998)</dd>
<dd><a href="/wiki/Malorie_Blackman" title="Malorie Blackman">Malorie Blackman</a> (born 1962)</dd>
<dd><a href="/wiki/Jayme_Lynn_Blaschke" title="Jayme Lynn Blaschke">Jayme Lynn Blaschke</a> (born 1969)</dd>
<dd><a href="/wiki/James_Blaylock" title="James Blaylock">James Blaylock</a>, (born 1950)</dd>
<dd><a href="/wiki/James_Blish" title="James Blish">James Blish</a> (1921–1975)</dd>
<dd><a href="/wiki/Robert_Bloch" title="Robert Bloch">Robert Bloch</a> (1917–1994)</dd>
<dd><a href="/wiki/Alexander_Bogdanov" title="Alexander Bogdanov">Alexander Bogdanov</a> (1873–1928)</dd>
<dd><a href="/wiki/Maya_Kaathryn_Bohnhoff" title="Maya Kaathryn Bohnhoff">Maya Kaathryn Bohnhoff</a> (born 1954)</dd>
<dd><a href="/wiki/Nelson_S._Bond" title="Nelson S. Bond">Nelson S. Bond</a> (1908–2006)</dd>
<dd><a href="/wiki/Kevin_Bokeili" title="Kevin Bokeili">Kevin Bokeili</a> (born 1963)</dd>
<dd><a href="/wiki/Pierre_Bordage" title="Pierre Bordage">Pierre Bordage</a> (born 1955)</dd>
<dd>
<dd><a href="/wiki/Pierre_Boulle" title="Pierre Boulle">Pierre Boulle</a> (1912–1994)</dd>
<dd><a href="/wiki/Sydney_James_Bounds" title="Sydney James Bounds">Sydney James Bounds</a> (1920–2006)</dd>
<dd><a href="/wiki/Ben_Bova" title="Ben Bova">Ben Bova</a> (born 1932)</dd>
<dd><a href="/wiki/Leigh_Brackett" title="Leigh Brackett">Leigh Brackett</a> (1915–1978)</dd>
<dd><a href="/wiki/Ray_Bradbury" title="Ray Bradbury">Ray Bradbury</a> (1920–2012)</dd>
<dd><a href="/wiki/Marion_Zimmer_Bradley" title="Marion Zimmer Bradley">Marion Zimmer Bradley</a> (1930–1999)</dd>
<dd><a href="/wiki/Gillian_Bradshaw" title="Gillian Bradshaw">Gillian Bradshaw</a> (born 1956)</dd>
<dd><a href="/wiki/Paolo_Brera" title="Paolo Brera">Paolo Brera</a> (born 1949)</dd>
<dd><a href="/wiki/Reginald_Bretnor" title="Reginald Bretnor">Reginald Bretnor</a> (1911–1992)</dd>
<dd><a href="/wiki/David_Brin" title="David Brin">David Brin</a> (born 1950)</dd>
<dd><a href="/wiki/Damien_Broderick" title="Damien Broderick">Damien Broderick</a> (born 1944)</dd>
<dd><a href="/wiki/Kristi_Brooks" title="Kristi Brooks">Kristi Brooks</a> (born 1980)</dd>
<dd><a href="/wiki/Max_Brooks" title="Max Brooks">Max Brooks</a> (born 1972)</dd>
<dd><a href="/wiki/Terry_Brooks" title="Terry Brooks">Terry Brooks</a> (born 1944)</dd>
<dd><a href="/wiki/John_Brosnan" title="John Brosnan">John Brosnan</a> (1947–2005)</dd>
<dd><a href="/wiki/Eric_Brown_(writer)" title="Eric Brown (writer)">Eric Brown</a> (born 1960)</dd>
<dd><a href="/wiki/Fredric_Brown" title="Fredric Brown">Fredric Brown</a> (1906–1972)</dd>
<dd><a href="/wiki/Rosel_George_Brown" title="Rosel George Brown">Rosel George Brown</a> (1926–1967)</dd>
<dd><a href="/wiki/Simon_Brown_(author)" title="Simon Brown (author)">Simon Brown</a> (born 1956)</dd>
<dd><a href="/wiki/John_Brunner_(novelist)" title="John Brunner (novelist)">John Brunner</a> (1934–1995)</dd>
<dd><a href="/wiki/Steven_Brust" title="Steven Brust">Steven Brust</a> (born 1955)</dd>
<dd><a href="/wiki/Edward_Bryant" title="Edward Bryant">Edward Bryant</a> (born 1945)</dd>
<dd><a href="/wiki/Valery_Bryusov" title="Valery Bryusov">Valery Bryusov</a> (1873–1924)</dd>
<dd><a href="/wiki/Tobias_S._Buckell" title="Tobias S. Buckell">Tobias S. Buckell</a> (born 1979)</dd>
<dd><a href="/wiki/Algis_Budrys" title="Algis Budrys">Algis Budrys</a> (1931–2008)</dd>
<dd><a href="/wiki/Vitaly_Bugrov" title="Vitaly Bugrov">Vitaly Bugrov</a> (1938–1994)</dd>
<dd><a href="/wiki/Lela_E._Buis" title="Lela E. Buis">Lela E. Buis</a></dd>
<dd><a href="/wiki/Lois_McMaster_Bujold" title="Lois McMaster Bujold">Lois McMaster Bujold</a> (born 1949)</dd>
<dd><a href="/wiki/Mikhail_Bulgakov" title="Mikhail Bulgakov">Mikhail Bulgakov</a> (1891–1940)</dd>
<dd><a href="/wiki/Faddey_Bulgarin" title="Faddey Bulgarin">Faddey Bulgarin</a> (1789–1859)</dd>
<dd><a href="/wiki/Kenneth_Bulmer" title="Kenneth Bulmer">Kenneth Bulmer</a> (1921–2005)</dd>
<dd><a href="/wiki/Kir_Bulychev" title="Kir Bulychev" class="mw-redirect">Kir Bulychev</a> (1934–2003)</dd>
<dd><a href="/wiki/Chris_Bunch" title="Chris Bunch">Chris Bunch</a> (1943–2005)</dd>
<dd><a href="/wiki/David_R._Bunch" title="David R. Bunch">David R. Bunch</a> (1925–2000)</dd>
<dd><a href="/wiki/Anthony_Burgess" title="Anthony Burgess">Anthony Burgess</a> (1917–1993)</dd>
<dd><a href="/wiki/Yuli_Burkin" title="Yuli Burkin">Yuli Burkin</a> (born 1960)</dd>
<dd><a href="/wiki/Edgar_Rice_Burroughs" title="Edgar Rice Burroughs">Edgar Rice Burroughs</a> (1875–1950)</dd>
<dd><a href="/wiki/Michael_A._Burstein" title="Michael A. Burstein">Michael A. Burstein</a> (born 1970)</dd>
<dd><a href="/wiki/F._M._Busby" title="F. M. Busby">F. M. Busby</a> (1921–2005)</dd>
<dd><a href="/wiki/Aleksandr_Bushkov" title="Aleksandr Bushkov">Aleksandr Bushkov</a> (born 1956)</dd>
<dd><a href="/wiki/Jim_Butcher" title="Jim Butcher">Jim Butcher</a> (born 1971)</dd>
<dd><a href="/wiki/Octavia_E._Butler" title="Octavia E. Butler">Octavia E. Butler</a> (1947–2006)</dd>
</dl>
<h2><span class="mw-headline" id="C">C</spdiv>
<dl>
<dd><a href="/wiki/Pat_Cadigan" title="Pat Cadigan">Pat Cadigan</a> (born 1953)</dd>
<dd><a href="/wiki/Jack_Cady" title="Jack Cady">Jack Cady</a> (1932–2004)</dd>
<dd><a href="/wiki/Martin_Caidin" title="Martin Caidin">Martin Caidin</a> (1927–1997)</dd>
<dd><a href="/wiki/John_W._Campbell,_Jr." title="John W. Campbell, Jr." class="mw-redirect">John W. Campbell, Jr.</a> (1910–1971) (also known as <a href="/wiki/Don_A._Stuart" title="Don A. Stuart" class="mw-redirect">Don A. Stuart</a>)</dd>
<dd><a href="/wiki/Karel_%C4%8Capek" title="Karel Čapek">Karel Čapek</a> (1890–1938)</dd>
<dd><a href="/wiki/Orson_Scott_Card" title="Orson Scott Card">Orson Scott Card</a> (born 1951)</dd>
<dd><a href="/wiki/Terry_Carr" title="Terry Carr">Terry Carr</a> (1937–1987)</dd>
<dd><a href="/wiki/Lin_Carter" title="Lin Carter">Lin Carter</a> (1930–1988)</dd>
<dd><a href="/wiki/Cleve_Cartmill" title="Cleve Cartmill">Cleve Cartmill</a> (1908–1964)</dd>
<dd><a href="/wiki/Jeffrey_Carver" title="Jeffrey Carver">Jeffrey Carver</a> (born 1949)</dd>
<dd><a href="/wiki/Jay_Caselberg" title="Jay Caselberg">Jay Caselberg</a> (born 1958)</dd>
<dd><a href="/wiki/Jack_L._Chalker" title="Jack L. Chalker">Jack L. Chalker</a> (1944–2005)</dd>
<dd><a href="/wiki/A._Bertram_Chandler" title="A. Bertram Chandler">A. Bertram Chandler</a> (1912–1984)</dd>
<dd><a href="/wiki/Suzy_McKee_Charnas" title="Suzy McKee Charnas">Suzy McKee Charnas</a> (born 1939)</dd>
<dd><a href="/wiki/Da%C3%ADna_Chaviano" title="Daína Chaviano">Daína Chaviano</a> (born 1960)</dd>
<dd><a href="/wiki/Richard_Chwedyk" title="Richard Chwedyk">Richard Chwedyk</a> (born 1955)</dd>
<dd><a href="/wiki/C._J._Cherryh" title="C. J. Cherryh">C. J. Cherryh</a> (born 1942)</dd>
<dd><a href="/wiki/Ted_Chiang" title="Ted Chiang">Ted Chiang</a> (born 1967)</dd>
<dd><a href="/wiki/Charles_Chilton" title="Charles Chilton">Charles Chilton</a> (1917–2013)</dd>
<dd><a href="/wiki/John_Christopher" title="John Christopher">John Christopher</a> (1922–2012) (pseudonym of <a href="/wiki/Samuel_Youd" title="Samuel Youd" class="mw-redirect">Samuel Youd</a>)</dd>
<dd><a href="/wiki/Massimo_Citi" title="Massimo Citi">Massimo Citi</a> (born 1955)</dd>
<dd><a href="/wiki/Charles_Heber_Clark" title="Charles Heber Clark">Charles Heber Clark</a> (1841–1915) (also known as Max Adeler and John Quill)</dd>
<dd><a href="/wiki/Arthur_C._Clarke" title="Arthur C. Clarke">Arthur C. Clarke</a> (1917–2008)</dd>
<dd><a href="/wiki/Jo_Clayton" title="Jo Clayton">Jo Clayton</a> (1939–1998)</dd>
<dd><a href="/wiki/Hal_Clement" title="Hal Clement">Hal Clement</a> (1922–2003) (pseudonym of Harry Clement Stubbs)</Offutt" title="Andrew J. Offutt">Andrew J. Offutt</a>)</dd>
<dd><a href="/wiki/Mark_Clifton" title="Mark Clifton">Mark Clifton</a> (1906–1963)</dd>
<dd><a href="/wiki/Brenda_Clough" title="Brenda Clough">Brenda Clough</a> (born 1955)</dd>
<dd><a href="/wiki/John_Clute" title="John Clute">John Clute</a> (born 1940)</dd>
<dd><a href="/wiki/Stephen_Euin_Cobb" title="Stephen Euin Cobb">Stephen Euin Cobb</a> (born 1955)</dd>
<dd><a href="/wiki/Stanton_A._Coblentz" title="Stanton A. Coblentz">Stanton A. Coblentz</a> (1896–1982)</dd>
<dd><a href="/wiki/Theodore_Cogswell" title="Theodore Cogswell">Theodore Cogswell</a> (1918–1987)</dd/a> (1859–1946)</dd>
<dd><a href="/wiki/Erroll_Collins" title="Erroll Collins">Erroll Collins</a> (1906–1991) (pseudonym of Ellen Edith Hannah Redknap)</dd>
<dd><a href="/wiki/Suzanne_Collins" title="Suzanne Collins">Suzanne Collins</a> (1962)</dd>
<dd><a href="/wiki/David_G._Compton" title="David G. Compton">David G. Compton</a> (born 1930)</dd>
<dd><a href="/wiki/Michael_Coney" title="Michael Coney" class="mw-redirect">Michael Coney</a> (1932–2005)</dd>
<dd><a href="/wiki/Groff_Conklin" title="Groff Conklin">Groff Conklin</a> (1904–1968)</dd>
<dd><a href="/wiki/Storm_Constantine" title="Storm Constantine">Storm Constantine</a> (born 1956)</dd>
<dd><a href="/wiki/Glen_Cook" title="Glen Cook">Glen Cook</a> (born 1944)</dd>
<dd><a href="/wiki/Hugh_Cook_(science_fiction_author)" title="Hugh Cook (science fiction author)">Hugh Cook</a> (1956–2008)</dd>
<dd><a href="/wiki/Paul_Cook_(author)" title="Paul Cook (author)">Paul Cook</a> (born 1950)</dd>
<dd><a href="/wiki/Edmund_Cooper" title="Edmund Cooper">Edmund Cooper</a> (1926–1982)</dd>
<dd><a href="/wiki/Alfred_Coppel" title="Alfred Coppel">Alfred Coppel</a> (1921–2004)</d fiction)</dd>
<dd><a href="/wiki/Erle_Cox" title="Erle Cox">Erle Cox</a> (1873–1950)</dd>
<dd><a href="/wiki/John_G._Cramer" title="John G. Cramer">John G. Cramer</a> (born 1934)</dd>
<dd><a href="/wiki/Michael_Crichton" title="Michael Crichton">Michael Crichton</a> (1942–2008)</dd>
<dd><a href="/wiki/Compton_N._Crook" title="Compton N. Crook" class="mw-redirect">Compton N. Crook</a> (1908–1981) (also known as <a href="/wiki/Stephen_Tall" title="Stephen Tall">Stephen Tall</a>)</dd>
<dd><a href="/wiki/John_Crowley" title="John Crowley">John Crowley</a> (born 1942)</dd>
<dd><a href="/wiki/Andrew_Crumey" title="Andrew Crumey">Andrew Crumey</a> (born 1961)</dd>
<dd><a href="/wiki/Ray_Cummings" title="Ray Cummings">Ray Cummings</a> (1887–1957)</dd>
<dd><a href="/wiki/Julie_E._Czerneda" title="Julie E. Czerneda" class="mw-redirect">Julie E. Czerneda</a> (born 1955)</dd>
</dl>
<h2>="/wiki/Roald_Dahl" title="Roald Dahl">Roald Dahl</a> (1916–1990)</dd>
<dd><a href="/wiki/Brian_Daley" title="Brian Daley">Brian Daley</a> (1947–1996)</dd>
<dd><a href="/wiki/John_Dalmas" title="John Dalmas">John Dalmas</a> (born 1926)</dd>
<dd><a href="/wiki/Tony_Daniel_(science_fiction_writer)" title="Tony Daniel (science fiction writer)">Tony Daniel</a> (born 1963)</dd>
<dd><a href="/wiki/Jack_Dann" title="Jack Dann">Jack Dann</a> (born 1945)</dd>
<dd><a href="/wiki/Maurice_Georges_Dantec" title="Maurice Georges Dantec" class="mw-redirect">Maurice Georges Dantec</a> (born 1959)</dd>
<dd><a href="/wiki/Dennis_Danvers" title="Dennis Danvers">Dennis Danvers</a> (born 1947)</dd>
<dd><a href="/wiki/Clark_Darlton" title="Clark Darlton" class="mw-redirect">Clark Darlton</a> (1920–2005) (pseudonym of Walter Ernsting)</dd>
<dd><a href="/wiki/Avram_Davidson" title="Avram Davidson">Avram Davidson</a> (1923–1993)</dd>
<dd><a href="/wiki/Chan_Davis" title="Chan Davis" class="mw-redirect">Chan Davis</a> (born 1926) (pseudonym of Dr. Chandler Davis)</dd>
<dd><a href="/wiki/L._Sprague_de_Camp" title="L. Sprague de Camp">L. Sprague de Camp</a> (1907–2000)</dd>
<dd><a href="/wiki/Antonio_de_Macedo" title="Antonio de Macedo" class="mw-redirect">Antonio de Macedo</a> (born 1931)</dd>
<dd><a href="/wiki/James_De_Mille" title="James De Mille">James De Mille</a> (1833–1880)</dd>
<dd><a href="/wiki/Marianne_de_Pierres" title="Marianne de Pierres">Marianne de Pierres</a> (born 1961)</dd>
<dd><a href="/wiki/Stephen_Dedman" title="Stephen Dedman">Stephen Dedman</a> (born 1959)</dd>
<dd><a href="/wiki/Lester_del_Rey" title="Lester del Rey">Lester del Rey</a> (1915–1993)</dd>
<dd><a href="/wiki/Samuel_R._Delany" title="Samuel R. Delany">Samuel R. Delany</a> (born 1942)</dd>
<dd><a href="/wiki/Bradley_Denton" title="Bradley Denton">Bradley Denton</a> (born 1958)</dd>
<dd><a href="/wiki/August_Derleth" title="August Derleth">August Derleth</a> (1909–1971)</dd>
<dd><a href="/wiki/A.J._Deutsch" title="A.J. Deutsch" class="mw-redirect">A.J. Deutsch</a> (1918–1969)</dd>
<dd><a href="/wiki/Graham_Diamond" title="Graham Diamond">Graham Diamond</a> (born 1949)</dd>
<dd><a href="/wiki/Philip_K._Dick" title="Philip K. Dick">Philip K. Dick</a> (1928–1982)</dd>
<dd><a href="/wiki/Gordon_R._Dickson" title="Gordon R. Dickson">Gordon R. Dickson</a> (1923–2001)</dd>
<dd><a href="/wiki/William_C._Dietz" title="William C. Dietz">William C. Dietz</a> (born 1945)</dd>
<dd><a href="/wiki/Thomas_M._Disch" title="Thomas M. Disch">Thomas M. Disch</a> (1940–2008)</dd>
<dd><a href="/wiki/Alfred_D%C3%B6blin" title="Alfred Döblin">Alfred Döblin</a> (1878–1957)</dd>
<dd><a href="/wiki/Cory_Doctorow" title="Cory Doctorow">Cory Doctorow</a> (born 1971)</dd>
<dd><a href="/wiki/Stephen_R._Donaldson" title="Stephen R. Donaldson">Stephen R. Donaldson</a> (born 1947)</dd>
<dd><a href="/wiki/Candas_Dorsey" title="Candas Dorsey" class="mw-redirect">Candas Dorsey</a> (born 1952)</dd>
<dd><a href="/wiki/Terry_Dowling" title="Terry Dowling">Terry Dowling</a> (born 1947)</dd>
<dd><a href="/wiki/Arthur_Conan_Doyle" title="Arthur Conan Doyle">Arthur Conan Doyle</a> (1859–1930)</dd>
<dd><a href="/wiki/Debra_Doyle" title="Debra Doyle">Debra Doyle</a> (born 1952)</dd>
<dd><a href="/wiki/Gardner_Dozois" title="Gardner Dozois">Gardner Dozois</a> (born 1947)</dd>
<dd><a href="/wiki/David_Drake" title="David Drake">David Drake</a> (born 1945)</dd>
<dd><a href="/wiki/Tananarive_Due" title="Tananarive Due">Tananarive Due</a> (born 1966)</dd>
<dd><a href="/wiki/Jacek_Dukaj" title="Jacek Dukaj">Jacek Dukaj</a> (born 1974)</dd>
<dd><a href="/wiki/Jean-Claude_Dunyach" title="Jean-Claude Dunyach">Jean-Claude Dunyach</a> (born 1957)</dd>
</dl>
<h2><span class="mw-headline" id="E">E</span><span class="mw-editsection"><span cl._M._Eddy,_Jr." title="C. M. Eddy, Jr.">C. M. Eddy, Jr.</a> (1896-1967)</dd>
<dd><a href="/wiki/G._C._Edmondson" title="G. C. Edmondson">G. C. Edmondson</a> (1922–1995)</dd>
<dd><a href="/wiki/George_Alec_Effinger" title="George Alec Effinger">George Alec Effinger</a> (1947–2002)</dd>
<dd><a href="/wiki/Ivan_Antonovich_Efremov" title="Ivan Antonovich Efremov" class="mw-redirectê–Ω—Ç–æ–Ω–æ–≤–∏—á –ï—Ñ—Ä–µ–º–æ–≤)</dd>
<dd><a href="/wiki/Greg_Egan" title="Greg Egan">Greg Egan</a> (born 1961)</dd>
<dd><a href="/wiki/Suzette_Haden_Elgin" title="Suzette Haden Elgin">Suzette Haden Elgin</a> (born 1936)</dd>
<dd><a href="/wiki/William_B._Ellern" title="William B. Ellern">William B. Ellern</a> (born 1933)</dd>
<dd><a href="/wiki/Harlan_Ellison" title="Harlan Ellison">Harlan Ellison</a> (born 1934)</dd>
<dd><a href="/wiki/Roger_Elwood" title="Roger Elwood">Roger Elwood</a> (1933–2007)</dd>
<dd><a href="/wiki/Carol_Emshwiller" title="Carol Emshwiller">Carol Emshwiller</a> (born 1921)</dd>
<dd><a href="/wiki/M._J._Engh" title="M. J. Engh">M. J. Engh</a> (born 1933)</dd>
<dd><a href="/wiki/Steven_Erikson" title="Steven Erikson">Steven Erikson</a> (born 1959) pseudonym of Steve Rune Lundin</dd>
<dd><a href="/wiki/Walter_Ernsting" title="Walter Ernsting">Walter Ernsting</a> (1920–2005)</dd>
<dd><a href="/wiki/Andreas_Eschbach" title="Andreas Eschbach">Andreas Eschbach</a> (born 1959)</dd>
<dd><a href="/wiki/Kelley_Eskridge" title="Kelley Eskridge">Kelley Eskridge</a> (born 1960)</dd>
<dd><a href="/wiki/Valerio_Evangelisti" title="Valerio Evangelisti">Valerio Evangelisti</a> (born 1952)</dd>
<dd><a href="/wiki/Christopher_Evans_(author)" title="Christopher Evans (author)">Christopher Evans</a> (born 1951)</dd>
</dl>
<h2><span class="mw-headline" id="F">F</span><span clasEric Flint</b></div>
</div>
</div>
<dl>
<dd><a href="/wiki/Jane_Fancher" title="Jane Fancher">Jane Fancher</a> (born 1952)</dd>
<dd><a href="/wiki/Philip_Jos%C3%A9_Farmer" title="Philip José Farmer">Philip José Farmer</a> (1918–2009)</dd>
<dd><a href="/wiki/Nabil_Farouk" title="Nabil Farouk">Nabil Farouk</a> (born 1956)</dd>
<dd><a href="/wiki/Howard_Fast" title="Howard Fast">Howard Fast</a> (1914–2003)</dd>
<dd><a href="/wiki/John_Russell_Fearn" title="John Russell Fearn">John Russell Fearn</a> (1908–1960)</dd>
<dd><a href="/wiki/Cynthia_Felice" title="Cynthia Felice">Cynthia Felice</a> (born 1942) <a rel="nofollow" class="external text" href="http://www.isfdb.org/cgi-bin/ea.cgi?Cynthia_Felice">ISFDB</a></dd>
<dd><a href="/wiki/Brad_Ferguson" title="Brad Ferguson">Brad Ferguson</a> (born 1953)</dd>
<dd><a href="/wiki/Sheila_Finch" title="Sheila Finch">Sheila Finch</a> (born 1935)</dd>
<dd><a href="/wiki/Jack_Finney" title="Jack Finney">Jack Finney</a> (1911–1995)</dd>
<dd><a href="/wiki/Nicholas_Fisk" title="Nicholas Fisk">Nicholas Fisk</a> (born 1923) (pseudonym of David Higginbottom)</dd>
<dd><a href="/wiki/Camille_Flammarion" title="Camille Flammarion">Camille Flammarion</a> (1842–1925)</dd>
<dd><a href="/wiki/Eric_Flint" title="Eric Flint">Eric Flint</a> (born 1947)</dd>
<dd><a href="/wiki/Michael_Flynn_(author)" title="Michael Flynn (author)" class="mw-redirect">Michael Flynn</a> (born 1947)</dd>
<dd><a href="/wiki/Charles_L._Fontenay" title="Charles L. Fontenay">Charles L. Fontenay</a> (1917–2007)</dd>
<dd><a href="/wiki/Jeffrey_Ford" title="Jeffrey Ford">Jeffrey Ford</a> (born 1955)</dd>
<dd><a href="/wiki/John_M._Ford" title="John M. Ford">John M. Ford</a> (1957–2006)</dd>
<dd><a href="/wiki/William_R._Forstchen" title="William R. Forstchen">William R. Forstchen</a> (born 1950)</dd>
<dd><a href="/wiki/E._M._Forster" title="E. M. Forster">E. M. Forster</a> (1879–1970)</dd>
<dd><a href="/wiki/Robert_L._Forward" title="Robert L. Forward">Robert L. Forward</a> (1932–2002)</dd>
<dd><a href="/wiki/Richard_Foss" title="Richard Foss">Richard Foss</a></dd>
<dd><a href="/wiki/Alan_Dean_Foster" title="Alan Dean Foster">Alan Dean Foster</a> (born 1946)</dd>
<dd><a href="/wiki/M._A._Foster" title="M. A. Foster">M. A. Foster</a> (born 1939)</dd>
<dd><a href="/wiki/Karen_Joy_Fowler" title="Karen Joy Fowler">Karen Joy Fowler</a> (born 1950)</dd>
<dd><a href="/wiki/Randall_FrakRandall_Frakes">ISFDB</a></dd>
<dd><a href="/wiki/Herbert_W._Franke" title="Herbert W. Franke">Herbert W. Franke</a> (born 1927)</dd>
<dd><a href="/wiki/Yves_Fremion" title="Yves Fremion" class="mw-redirect">Yves Fremion</a> (born 1940)</dd>
<dd><a href="/wiki/C._S._Friedman" title="C. S. Friedman" class="mw-redirect">C. S. Friedman</a> (born 1957)</dd>
<dd><a href="/wiki/Oscar_J._Friend" title="Oscar J. Friend">Oscar J. Friend</a> (1897–1963)</dd>
<dd><a href="/wiki/Esther_Friesner" title="Esther Friesner">Esther Friesner</a> (born 1951)</dd>
</dl>
<h2><span class="mw-headline" id="G">G</span><span class="mw-editsection"><span clil Gaiman</a> (born 1960)</dd>
<dd><a href="/wiki/Raymond_Z._Gallun" title="Raymond Z. Gallun">Raymond Z. Gallun</a> (1911–1994)</dd>
<dd><a href="/wiki/Daniel_F._Galouye" title="Daniel F. Galouye">Daniel F. Galouye</a> (1920–1976)</dd>
<dd><a href="/wiki/James_Alan_Gardner" title="James Alan Gardner">James Alan Gardner</a> (born 1955)</dd>
<dd><a href="/wiki/Martin_Gardner" title="Martin Gardner">Martin Gardner</a> (1914–2010)</dd>
<dd><a href="/wiki/Richard_Garfinkle" title="Richard Garfinkle">Richard Garfinkle</a> (fl. 1990s)</dd>
<dd><a href="/wiki/Randall_Garrett" title="Randall Garrett">Randall Garrett</a> (1927–1987)</dd>
<dd><a href="/wiki/Mary_Gentle" title="Mary Gentle">Mary Gentle</a> (born 1956)</dd>
<dd><a href="/wiki/Alistair_Gentry" title="Alistair Gentry">Alistair Gentry</a></dd>
<dd><a href="/wiki/Peter_George_(author)" title="Peter George (author)">Peter George</a> (1924–1966)</dd>
<dd><a href="/wiki/Hugo_Gernsback" title="Hugo Gernsback">Hugo Gernsback</a> (1884–1967) (namesake of the <a href="/wiki/Hugo_Award" title="Hugo Award">Hugo Award</a>)</dd>
<dd><a href="/wiki/David_Gerrold" title="David Gerrold">David Gerrold</a> (born 1944)</dd>
<dd><a href="/wiki/Mark_S._Geston" title="Mark S. Geston">Mark S. Geston</a> (born 1946)</dd>
<dd><a href="/wiki/Edward_Gibson" title="Edward Gibson">Edward Gibson</a> (born 1936)</dd>
<dd><a href="/wiki/Gary_Gibson_(author)" title="Gary Gibson (author)">Gary Gibson</a> (born 1965)</dd>
<dd><a href="/wiki/William_Gibson" title="William Gibson">William Gibson</a> (born 1948)</dd>
<dd><a href="/wiki/Alexis_A._Gilliland" title="Alexis A. Gilliland">Alexis A. Gilliland</a> (born 1931)</dd>
<dd><a href="/wiki/Molly_Gloss" title="Molly Gloss">Molly Gloss</a> (born 1944)</dd>
<dd><a href="/wiki/Parke_Godwin" title="Parke Godwin">Parke Godwin</a> (1929-2013)</dd>
<dd><a href="/wiki/Tom_Godwin" title="Tom Godwin">Tom Godwin</a> (1915–1980)</dd>
<dd><a href="/wiki/H._L._Gold" title="H. L. Gold">H. L. Gold</a> (1914–1996)</dd>
<dd><a href="/wiki/Lee_Gold" title="Lee Gold">Lee Gold</a> (born 1942)</dd>
<dd><a href="/wiki/Lisa_Goldstein" title="Lisa Goldstein">Lisa Goldstein</a> (born 1953)</dd>
<dd><a href="/wiki/Kathleen_Ann_Goonan" title="Kathleen Ann Goonan">Kathleen Ann Goonan</a> (born 1952)</dd>
<dd> (born 1947)</dd>
<dd><a href="/wiki/Phyllis_Gotlieb" title="Phyllis Gotlieb">Phyllis Gotlieb</a> (1926–2009)</dd>
<dd><a href="/wiki/Ron_Goulart" title="Ron Goulart">Ron Goulart</a> (born 1933)</dd>
<dd><a href="/wiki/Charles_L._Grant" title="Charles L. Grant">Charles L. Grant</a> (1942–2006)</dd>
<dd><a href="/wiki/Roland_J._Green" title="Roland J. Green">Roland J. Green</a> (born 1944)</dd>
<dd><a href="/wiki/Colin_Greenland" title="Colin Greenland">Colin Greenland</a> (born 1954)</dd>
<dd><a href="/wiki/William_Greenleaf" title="William Greenleaf">William Greenleaf</a> (born 1948)</dd>
<dd><a href="/wiki/Lois_Gresh" title="Lois Gresh" class="mw-redirect">Lois Gresh</a> (born 1965)</dd>
<dd><a href="/wiki/George_Griffith" title="George Griffith">George Griffith</a> (1857–1906)</dd>
<dd><a href="/wiki/Nicola_Griffith" title="Nicola Griffith">Nicola Griffith</a> (born 1960)</dd>
<dd><a href="/wiki/Jon_Courtenay_Grimwood" title="Jon Courtenay Grimwood">Jon Courtenay Grimwood</a> (born 1953)</dd>
<dd><a href="/wiki/Ken_Grimwood" title="Ken Grimwood">Ken Grimwood</a> (1944–2003)</dd>
<dd><a href="/wiki/Alexander_Gromov" title="Aр Николáевич Грóмов)</dd>
<dd><a href="/wiki/Martin_Grzimek" title="Martin Grzimek">Martin Grzimek</a> (born 1950)</dd>
<dd><a href="/wiki/Wyman_Guin" title="Wyman Guin">Wyman Guin</a> (1915–1989)</dd>
<dd><a href="/wiki/Eileen_Gunn" title="Eileen Gunn">Eileen Gunn</a> (born 1945)</dd>
<dd><a href="/wiki/James_Gunn_(author)" title="James Gunn (author)">James E. Gunn</a> (born 1923)</dd>
</dl>
<h2><span class="mw-headline" id="H">H</span><span class="mw-editsection"><span class="mw-editseciv>
<dl>
<dd><a href="/wiki/PJ_Haarsma" title="PJ Haarsma">PJ Haarsma</a> (born 1964)</dd>
<dd><a href="/wiki/Karen_Haber" title="Karen Haber">Karen Haber</a> (born 1955)</dd>
<dd><a href="/wiki/H._Rider_Haggard" title="H. Rider Haggard">H. Rider Haggard</a> (1856 – 1925)</dd>
<dd><a href="/wiki/Ronald_M._Hahn" title="Ronald M. Hahn">Ronald M. Hahn</a> (born 1948)</dd>
<dd><a href="/wiki/Jack_C._Haldeman_II" title="Jack C. Haldeman II">Jack C. Haldeman II</a> (1941 – 2002)</dd>
<dd><a href="/wiki/Joe_Haldeman" title="Joe Haldeman">Joe Haldeman</a> (born 1943)</dd>
<dd><a href="/wiki/Barbara_Hambly" title="Barbara Hambly">Barbara Hambly</a> (born 1951)</dd>
<dd><a href="/wiki/Edmond_Hamilton" title="Edmond Hamilton">Edmond Hamilton</a> (1904 – 77)</dd>
<dd><a href="/wiki/Peter_F._Hamilton" title="Peter F. Hamilton">Peter F. Hamilton</a> (born 1960)</dd>
<dd><a href="/wiki/Elizabeth_Hand" title="Elizabeth Hand">Elizabeth Hand</a> (born 1957)</dd>
<dd><a href="/wiki/Lee_Harding_(writer)" title="Lee Harding (writer)">Lee Harding</a> (born 1937)</dd>
<dd><a href="/wiki/Charles_L._Harness" title="Charles L. Harness">Charles L. Harness</a> (1915 – 2005)</dd>
<dd><a href="/wiki/Tara_K._Harper" title="Tara K. Harper">Tara K. Harper</a> (born 1961)</dd>
<dd><a href="/wiki/Clare_Winger_Harris" title="Clare Winger Harris">Clare Winger Harris</a> (1891 – 1968)</dd>
<dd><a href="/wiki/Harry_Harrison_(writer)" title="Harry Harrison (writer)">Harry Harrison</a> (1925 - 2012)</dd>
<dd><a href="/wiki/M._John_Harrison" title="M. John Harrison">M. John Harrison</a> (born 1945)</dd>
<dd><a href="/wiki/Henry_Hasse" title="Henry Hasse">Henry Hasse</a> (1913 – 77)</dd>
<dd><a href="/wiki/Simon_Hawke" title="Simon Hawke">Simon Hawke</a> (born 1951)</dd>
<dd><a href="/wiki/Peter_Heck" title="Peter Heck">Peter Heck</a> (born 1941)</dd>
<dd><a href="/wiki/Robert_A._Heinlein" title="Robert A. Heinlein">Robert A. Heinlein</a> (1907 - 88)</dd>
<dd><a href="/wiki/Zenna_Henderson" title="Zenna Henderson">Zenna Henderson</a> (1917 – 83)</dd>
<dd><a href="/wiki/Brian_Herbert" title="Brian Herbert">Brian Herbert</a> (born 1947)</dd>
<dd><a href="/wiki/Frank_He/dd>
<dd><a href="/wiki/Philip_E._High" title="Philip E. High">Philip E. High</a> (1914 – 2006)</dd>
<dd><a href="/wiki/Douglas_Hill" title="Douglas Hill">Douglas Hill</a> (born 1935)</dd>
<dd><a href="/wiki/Ernest_Hill_(author)" title="Ernest Hill (author)">Ernest Hill</a> (1915–2003)</dd>
<dd><a href="/wiki/Christopher_Hinz" title="Christopher Hinz">Christopher Hinz</a> (born 1951)</dd>
<dd><a href="/wiki/Morioka_Hiroyuki" title="Morioka Hiroyuki" class="mw-redirect">Morioka Hiroyuki</a> (born 1962) (in Japanese 森岡浩之)</dd>
<dd><a href="/wiki/P._C._Hodgell" title="P. C. Hodgell">P. C. Hodgell</a> (born 1951)</dd>
<dd><a href="/wiki/William_Hope_Hodgson" title="William Hope Hodgson">William Hope Hodgson</a> (1877 – 1918)</dd>
<dd><a href="/wiki/E._T._A._Hoffman" title="E. T. A. Hoffman" class="mw-redirect">E. T. A. Hoffman</a> (1776 – 1822)</dd>
<dd><a href="/wiki/Lee_Hoffman" title="Lee Hoffman">Lee Hoffman</a> (born 1932)</dd>
<dd><a href="/wiki/Ludvig_Holberg" title="Ludvig Holberg">Ludvig Holberg</a> (1684 - 1754)</dd>
<dd><a href="/wiki/H._H._Hollis" title="H. H. Hollis">H. H. Hollis</a> (1921 – 77) (pseudonym of Ben Neal Ramey)</dd>
<dd><a href="/wiki/James_P._Hogan_(writer)" title="James P. Hogan (writer)">James P. Hogan</a> (1941 – 2010)</dd>
<dd><a href="/wiki/Elizabeth_Holden" title="Elizabeth Holden" class="mw-redirect">Elizabeth Holden</a> (born 1943)</dd>
<dd><a href="/wiki/Robert_Holdstock" title="Robert Holdstock">Robert Holdstock</a> (1948 – 2009)</dd>
<dd><a href="/wiki/Nalo_Hopkinson" title="Nalo Hopkinson">Nalo Hopkinson</a> (born 1960)</dd>
<dd><a href="/wiki/Shinichi_Hoshi" title="Shinichi Hoshi">Shinichi Hoshi</a> (1926 – 97)</dd>
<dd><a href="/wiki/Robert_Ervin_Howard" title="Robert Ervin Howard" class="mw-redirect">Robert Ervin Howard</a> (1906 - 1936) (Conan)</dd>
<dd><a href="/wiki/Fred_Hoyle" title="Fred Hoyle">Fred Hoyle</a> (1915 – 2001)</dd>
<dd><a href="/wiki/L._Ron_Hubbard" title="L. Ron Hubbard">L. Ron Hubbard</a> (1911 – 86)</dd>
<dd><a href="/wiki/Marek_Huberath" title="Marek Huberath">Marek Huberath</a> (born 1954)</dd>
<dd><a href="/wiki/Matt_Hughes_(writer)" title="Matt Hughes (writer)">Matt Hughes</a> (born 1949)</dd>
<dd><a href="/wiki/Monica_Hughes" title="Monica Hughes">Monica Hughes</a> (1925 – 2003)</dd>
<dd><a href="/wiki/Cyril_Hume" title="Cyril Hume">Cyril Hume</a> (1900 - 66), <i><a href="/wiki/Forbidden_Planet" title="Forbidden Planet">Forbidden Planet</a></i></dd>
<dd><a href="/wiki/Stephen_Hunt_(author)" title="Stephen Hunt (author)">Stephen Hunt</a> (born 1966)</dd>
<dd><a href="/wiki/Aldous_Huxley" title="Aldous Huxley">Aldous Huxley</a> (1894 – 1963)</dd>
d>
<dd><a href="/wiki/Simon_Ings" title="Simon Ings">Simon Ings</a> (born 1965)</dd>
<dd><a href="/wiki/Muhammed_Zafar_Iqbal" tideshi people">Bangladeshi</a> SF author</dd>
</dl>
<h2><span class="mw-headline" id="J">J</span><span class="mw-editsection"><sple="John Jakes">John Jakes</a> (born 1932)</dd>
<dd><a href="/wiki/Phil_Janes" title="Phil Janes">Phil Janes</a></dd>
<dd><a href="/wiki/Laurence_Janifer" title="Laurence Janifer">Laurence Janifer</a> (1933–2002)</dd>
<dd><a href="/wiki/Wolfgang_Jeschke" title="Wolfgang Jeschke">Wolfgang Jeschke</a> (born 1936)</dd>
<dd><a href="/wiki/K._W._Jeter" title="K. W. Jeter">K. W. Jeter</a> (born 1950)</dd>
<dd><a href="/wiki/Michel_Jeury" title="Michel Jeury">Michel Jeury</a> (born 1934)</dd>
<dd><a href="/wiki/George_Clayton_Johnson" title="George Clayton Johnson">George Clayton Johnson</a> (born 1929)</dd>
<dd><a href="/wiki/D._F._Jones" title="D. F. Jones" class="mw-redirect">D. F. Jones</a> (1917–1981)</dd>
<dd><a href="/wiki/Gwyneth_Jones_(novelist)" title="Gwyneth Jones (novelist)">Gwyneth Jones</a> (born 1952)</dd>
<dd><a href="/wiki/Neil_R._Jones" title="Neil R. Jones">Neil R. Jones</a> (1909–1988)</dd>
<dd><a href="/wiki/Raymond_F._Jones" title="Raymond F. Jones">Raymond F. Jones</a> (1915–1994)</dd>
<dd><a href="/wiki/Diana_Wynne_Jones" title="Diana Wynne Jones">Diana Wynne Jones</a>, (1934–2011)</dd>
<dd><a href="/wiki/Robert_Jordan" title="Robert Jordan">Robert Jordan</a>, (1948–2007)</dd>
<dd><a href="/wiki/M._K._Joseph" title="M. K. Joseph">M. K. Joseph</a> (1914–1981)</dd>
<dd><a href="/wiki/Theodore_Judson" title="Theodore Judson">Theodore Judson</a> (born 1951)<<dl>
<dd><a href="/wiki/Franz_Kafka" title="Franz Kafka">Franz Kafka</a> (1883–1924)</dd>
<dd><a href="/wiki/Janet_Kagan" title="Janet Kagan">Janet Kagan</a> (1946–2008)</dd>
<dd><a href="/wiki/Michael_Kandel" title="Michael Kandel">Michael Kandel</a> (born 1941)</dd>
<dd><a href="/wiki/Colin_Kapp" title="Colin Kapp">Colin Kapp</a> (1928–2007)</dd>
<dd><a href="/wiki/Alexander_Kazantsev" title="Alexander Kazantsev">Alexander Kazantsev</a>, (1906–2002)</dd>
<dd><a href="/wiki/Joseph_E._Kelleam" title="Joseph E. Kelleam">Joseph E. Kelleam</a> (1913–1975)</dd>
<dd><a href="/wiki/James_Patrick_Kelly" title="James Patrick Kelly">James Patrick Kelly</a> (born 1951)</dd>
<dd><a href="/wiki/Steven_L._Kent" title="Steven L. Kent">Steven L. Kent</a> (born 1928)</dd>
<dd><a href="/wiki/Katharine_Kerr" title="Katharine Kerr">Katharine Kerr</a> (born 1944)</dd>
<dd><a href="/wiki/John_Kessel" title="John Kessel">John Kessel</a> (born 1950)</dd>
<dd><a href="/wiki/Roy_Kettle" title="Roy Kettle">Roy Kettle</a> (born 1949)</dd>
<dd><a href="/wiki/Alexander_Key" title="Alexander Key">Alexander Key</a> (1904–1979)</dd>
<dd><a href="/wiki/Daniel_Keyes" title="Daniel Keyes">Daniel Keyes</a> (born 1927)</dd>
<dd><a href="/wiki/Gregory_Keyes" title="Gregory Keyes">Gregory Keyes</a> (born 1963)</dd>
<dd><a href="/wiki/David_Kier" title="David Kier">David Kier</a> (born 1943)</dd>
<dd><a href="/wiki/Caitl%C3%ADn_R._Kiernan" title="Caitlín R. Kiernan">Caitlín R. Kiernan</a> (born 1964)</dd>
<dd><a href="/wiki/Lee_Killough_(author)" title="Lee Killough (author)">Lee Killough</a> (born 1942)</dd>
<dd><a href="/wiki/Wade_A._Kimberlin" title="Wade A. Kimberlin">Wade A. Kimberlin</a> (born 1970)</dd>
<dd><a href="/wiki/Sara_King" title="Sara King">Sara King</a> (born 1982)</dd>
<dd><a href="/wiki/Stephen_King" title="Stephen King">Stephen King</a> (born 1947)</dd>
<dd><a href="/wiki/T._Jackson_King" title="T. Jackson King">T. Jackson King</a> (born 1948)</dd>
<dd><a href="/wiki/Vincent_King" title="Vincent King">Vincent King</a> (born 1935)</dd>
<dd><a href="/wiki/John_Kippax" title="John Kippax">John Kippax</a> (1915–1974)</dd>
<dd><a href="/wiki/Annette_Curtis_Klause" title="Annette Curtis Klause">Annette Curtis Klause</a></dd>
<dd><a href="/wiki/Donald_Kingsbury" title="Donald Kingsbury">Donald Kingsbury</a> (born 1929)</dd>
<dd><a href="/wiki/Hugh_Kingsmill" title="Hugh Kingsmill">Hugh Kingsmill</a> (1889–1949)</dd>
<dd><a href="/wiki/David_Barr_Kirtley" title="David Barr Kirtley">David Barr Kirtley</a> (born 1977)</dd>
<dd><a href="/wiki/G%C3%A9rard_Klein" title="Gérard Klein">Gérard Klein</a> (born 1937)</dd>
<dd><a href="/wiki/Nigel_Kneale" title="Nigel Kneale">Nigel Kneale</a> (1922–2006)</dd>
<dd><a href="/wiki/Damon_Knight" title="Damon Knight">Damon Knight</a> (1922–2002)</dd>
<dd><a href="/wiki/Dean_R._Koontz" title="Dean R. Koontz" class="mw-redirect">Dean R. Koontz</a> (born 1945)</dd>
<dd><a href="/wiki/Cyril_M._Kornbluth" title="Cyril M. Kornbluth">Cyril M. Kornbluth</a> (1923–1958)</dd>
<dd><a href="/wiki/Tom_Kratman" title="Tom Kratman">Tom Kratman</a> (born 1956)</dd>
<dd><a href="/wiki/Nancy_Kress" title="Nancy Kress">Nancy Kress</a> (born 1948)</dd>
<dd><a href="/wiki/G%C3%BCnther_Krupkat" title="Günther Krupkat">Günther Krupkat</a> (1905–1990)</dd>
<dd><a href="/wiki/Zoran_Kru%C5%A1var" title="Zoran Krušvar">Zoran Krušvar</a> (born 1977)</dd>
<dd><a href="/wiki/Michael_P._Kube-McDowell" title="Michael P. Kube-McDowell">Michael P. Kube-McDowell</a> (born 1954)</dd>
<dd><a href="/wiki/Michael_Kurland" title="Michael Kurland">Michael Kurland</a> (born 1938)</dd>
<dd><a href="/wiki/Henry_Kuttner" title="Henry Kuttner">Henry Kuttner</a> (1915–1958)</dd>
</dl>
<h2><span class="mw-headline" id="L">L</span><span class="mw-editsection"><span class="mw-e14–2002)</dd>
<dd><a href="/wiki/Geoffrey_Landis" title="Geoffrey Landis" class="mw-redirect">Geoffrey Landis</a> (born 1955)</dd>
<dd><a href="/wiki/David_Langford" title="David Langford">David Langford</a> (born 1953)</dd>
<dd><a href="/wiki/Sterling_E._Lanier" title="Sterling E. Lanier">Sterling E. Lanier</a> (1927–2007)</dd>
<dd><a href="/wiki/Justine_Larbalestier" title="Justine Larbalestier">Justine Larbalestier</a> (born 1967)</dd>
<dd><a href="/wiki/Glen_A._Larson" title="Glen A. Larson">Glen A. Larson</a> (born 1937)</dd>
<dd><a href="/wiki/Kurd_Lasswitz" title="Kurd Lasswitz">Kurd Lasswitz</a> (1848–1910)</dd>
<dd><a href="/wiki/Keith_Laumer" title="Keith Laumer">Keith Laumer</a> (1925–1993)</dd>
<dd><a href="/wiki/Stephen_R._Lawhead" title="Stephen R. Lawhead">Stephen R. Lawhead</a> (born 1950)</dd>
<dd><a href="/wiki/Ursula_K._Le_Guin" title="Ursula K. Le Guin">Ursula K. Le Guin</a> (born 1929)</dd>
<dd><a href="/wiki/Gentry_Lee" title="Gentry Lee">Gentry Lee</a> (born 1942)</dd>
<dd><a href="/wiki/Mary_Soon_Lee" title="Mary Soon Lee">Mary Soon Lee</a> (born 1965)</dd>
<dd><a href="/wiki/Sharon_Lee_(writer)" title="Sharon Lee (writer)">Sharon Lee</a> (born 1952)</dd>
<dd><a href="/wiki/Stan_Lee" title="Stan Lee">Stan Lee</a> (born 1922)</dd>
<dd><a href="/wiki/Tanith_Lee" title="Tanith Lee">Tanith Lee</a> (born 1947)</dd>
<dd><a href="/wiki/Yoon_Ha_Lee" title="Yoon Ha Lee">Yoon Ha Lee</a> (born 1979)</dd>
<dd><a href="/wiki/Kimmo_Lehtonen" title="Kimmo Lehtonen">Kimmo Lehtonen</a> (born 1967)</dd>
<dd><a href="/wiki/Fritz_Leiber" title="Fritz Leiber">Fritz Leiber</a> (1910–1992)</dd>
<dd><a href="/wiki/Murray_Leinster" title="Murray Leinster">Murray Leinster</a> (1896–1975) (pseudonym of Will F. Jenkins)</dd>
<dd><a href="/wiki/Stanis%C5%82aw_Lem" title="Stanisław Lem">Stanisław Lem</a> (1921–2006)</dd>
<dd><a href="/wiki/Edward_M._Lerner" title="Edward M. Lerner">Edward M. Lerner</a> (born 1949)</dd>
<dd><a href="/wiki/Doris_Lessing" title="Doris Lessing">Doris Lessing</a> (1919–2013)</dd>
<dd><a href="/wiki/Jonathan_Lethem" title="Jonathan Lethem">Jonathan Lethem</a> (born 1964)</dd>
<dd><a href="/wiki/Paul_Levinson" title="Paul Levinson">Paul Levinson</a> (born 1947)</dd>
<dd><a href="/wiki/Roger_Levy" title="Roger Levy">Roger Levy</a></dd>
<dd><a href="/wiki/C._S._Lewis" title="C. S. Lewis">C. S. Lewis</a> (1898–1963)</dd>
<dd><a href="/wiki/Shariann_Lewitt" title="Shariann Lewitt">Shariann Lewitt</a> (born 1954)</dd>
<dd><a href="/wiki/Jacqueline_Lichtenberg" title="Jacqueline Lichtenberg">Jacqueline Lichtenberg</a> (born 1942)</dd>
<dd><a href="/wiki/Brad_Linaweaver" title="Brad Linaweaver">Brad Linaweaver</a> (born 1952)</dd>
<dd><a href="/wiki/D%C3%A9nis_Lindbohm" title="Dénis Lindbohm">Dénis Lindbohm</a> (1927–2005)</dd>
<dd><a href="/wiki/Liu_Cixin" title="Liu Cixin">Liu Cixin</a> (born 1963)</dd>
<dd><a href="/wiki/John_Uri_Lloyd" title="John Uri Lloyd">John Uri Lloyd</a> (1849–1936)</dd>
<dd><a href="/wiki/Jack_London" title="Jack London">Jack London</a> (1876–1916)</dd>
<dd><a href="/wiki/Barry_B._Longyear" title="Barry B. Longyear">Barry B. Longyear</a> (born 1942)</dd>
<dd><a href="/wiki/Jean_Lorrah" title="Jean Lorrah">Jean Lorrah</a> (born 1938)</dd>
<dd><a href="/wiki/H._P._Lovecraft" title="H. P. Lovecraft">H. P. Lovecraft</a> (1890–1937)</dd>
<dd><a href="/wiki/Archibald_Low" title="Archibald Low">Archibald Low</a> (1888–1956)</dd>
<dd><a href="/wiki/Lois_Lowry" title="Lois Lowry">Lois Lowry</a> (born 1937)</dd>
<dd><a href="/wiki/George_Lucas" title="George Lucas">George Lucas</a> (born 1944), <i><a href="/wiki/Star_Wars" title="Star Wars">Star Wars</a></i></dd>
<dd><a href="/wiki/Lucian" title="Lucian">Lucian</a> (120-after 180)</dd>
<dd><a href="/wiki/Nicole_Luiken" title="Nicole Luiken">Nicole Luiken</a> (born 1971)</dd>
<dd><a href="/wiki/Sergey_Lukyanenko" title="Sergey Lukyanenko" class="mw-redirect">Sergey Lukyanenko</a> (born 1968)</dd>
<dd><a href="/wiki/Sam_Lundwall" title="Sam Lundwall" class="mw-redirect">Sam Lundwall</a> (born 1941)</dd>
<dd><a href="/wiki/Duncan_Lunan" title="Duncan Lunan">Duncan Lunan</a> (born 1945)</dd>
<dd><a href="/wiki/Richard_A._Lupoff" title="Richard A. Lupoff">Richard A. Lupoff</a> (born 1935)</dd>
</dl>
<h2><span class="mw-headline" id="M">M</span><span class="mw-edit 1966)</dd>
<dd><a href="/wiki/James_D._Macdonald" title="James D. Macdonald">James D. Macdonald</a> (born 1954)</dd>
<dd><a href="/wiki/John_D._MacDonald" title="John D. MacDonald">John D. MacDonald</a> (1916–1986)</dd>
<dd><a href="/wiki/F._Gwynplaine_MacIntyre" title="F. Gwynplaine MacIntyre">F. Gwynplaine MacIntyre</a> (ca. 1948–2010?)</dd>
<dd><a href="/wiki/R._W._Mackelworth" title="R. W. Mackelworth">R. W. Mackelworth</a> (1930–2000)</dd>
<dd><a href="/wiki/Katherine_MacLean" title="Katherine MacLean">Katherine MacLean</a> (born 1925)</dd>
<dd><a href="/wiki/Ian_R._MacLeod" title="Ian R. MacLeod">Ian R. MacLeod</a> (born 1956)</dd>
<dd><a href="/wiki/Ken_MacLeod" title="Ken MacLeod">Ken MacLeod</a> (born 1954)</dd>
<dd><a href="/wiki/Angus_MacVicar" title="Angus MacVicar">Angus MacVicar</a> (1908-2001)</dd>
<dd><a href="/wiki/Tom_Maddox" title="Tom Maddox">Tom Maddox</a> (born 1945)</dd>
<dd><a href="/wiki/Charles_Eric_Maine" title="Charles Eric Maine">Charles Eric Maine</a> (1921–1981) (pseudonym of David McIlwain)</dd>
<dd><a href="/wiki/Donald_Malcolm" title="Donald Malcolm">Donald Malcolm</a> (1930–1975)</dd>
<dd><a href="/wiki/Daryl_F._Mallett" title="Daryl F. Mallett">Daryl F. Mallett</a> (born 1969)</dd>
<dd><a href="/wiki/Barry_N._Malzberg" title="Barry N. Malzberg">Barry N. Malzberg</a> (born 1939)</dd>
<dd><a href="/wiki/Laurence_Manning" title="Laurence Manning">Laurence Manning</a> (1899–1972)</dd>
<dd><a href="/wiki/Leo_Margulies" title="Leo Margulies">Leo Margulies</a> (1900–1975)</dd>
<dd><a href="/wiki/Stephen_Marley_(writer)" title="Stephen Marley (writer)">Stephen Marley</a> (born 1946)</dd>
<dd><a href="/wiki/Paul_Marlowe" title="Paul Marlowe">Paul Marlowe</a></dd>
<dd><a href="/wiki/George_R._R._Martin" title="George R. R. Martin">George R. R. Martin</a> (born 1948)</dd>
<dd><a href="/wiki/David_Marusek" title="David Marusek">David Marusek</a> (born 1951)</dd>
<dd><a href="/wiki/Richard_Matheson" title="Richard Matheson">Richard Matheson</a> (1926-2013)</dd>
<dd><a href="/wiki/Julian_May" title="Julian May">Julian May</a> (born 1931)</dd>
<dd><a href="/wiki/Ged_Maybury" title="Ged Maybury">Ged Maybury</a> (born 1953)</dd>
<dd><a href="/wiki/Paul_J._McAuley" title="Paul J. McAuley">Paul J. McAuley</a> (born 1955)</dd>
<dd><a href="/wiki/Anne_McCaffrey" title="Anne McCaffrey">Anne McCaffrey</a> (1926–2011)</dd>
<dd><a href="/wiki/Wil_McCarthy" title="Wil McCarthy">Wil McCarthy</a> (born 1966)</dd>
<dd><a href="/wiki/David_McDaniel" title="David McDaniel">David McDaniel</a> (1944–1977)</dd>
<dd><a href="/wiki/Jack_McDevitt" title="Jack McDevitt">Jack McDevitt</a> (born 1935)</dd>
<dd><a href="/wiki/Ian_McDonald_(author)" title="Ian McDonald (author)" class="mw-redirect">Ian McDonald</a> (born 1960)</dd>
<dd><a href="/wiki/Maureen_F._McHugh" title="Maureen F. McHugh">Maureen F. McHugh</a> (born 1959)</dd>
<dd><a href="/wiki/J._T._McIntosh" title="J. T. McIntosh">J. T. McIntosh</a> (1925–2008)</dd>
<dd><a href="/wiki/Vonda_McIntyre" title="Vonda McIntyre" class="mw-redirect">Vonda McIntyre</a> (born 1948)</dd>
<dd><a href="/wiki/Neil_McMahon" title="Neil McMahon">Neil McMahon</a> (born 1949)</dd>
<dd><a href="/wiki/Sean_McMullen" title="Sean McMullen">Sean McMullen</a> (born 1948)</dd>
<dd><a href="/wiki/Mike_McQuay" title="Mike McQuay">Mike McQuay</a> (1949–1995)</dd>
<dd><a href="/wiki/John_Meaney" title="John Meaney">John Meaney</a> (born 1951)</dd>
<dd><a href="/wiki/S._P._Meek" title="S. P. Meek">S. P. Meek</a> (1894–1972)</dd>
<dd><a href="/wiki/Richard_C._Meredith" title="Richard C. Meredith">Richard C. Meredith</a> (1937–1979)</dd>
<dd><a href="/wiki/Robert_Merle" title="Robert Merle">Robert Merle</a> (1908–2004)</dd>
<dd><a href="/wiki/Judith_Merril" title="Judith Merril">Judith Merril</a> (1923–1997)</dd>
<dd><a href="/wiki/A._Merritt" title="A. Merritt">A. Merritt</a> (1884–1943)</dd>
<dd><a href="/wiki/Melinda_Metz" title="Melinda Metz">Melinda Metz</a>, author of <a href="/wiki/Roswell_High" title="Roswell High">Roswell High</a> series</dd>
<dd><a href="/wiki/Robert_A._Metzger" title="Robert A. Metzger">Robert A. Metzger</a> (born 1956)</dd>
<dd><a href="/wiki/Gustav_Meyrink" title="Gustav Meyrink">Gustav Meyrink</a> (1868–1932)</dd>
<dd><a href="/wiki/China_Mi%C3%A9ville" title="China Miéville">China Miéville</a> (born 1972)</dd>
<dd><a href="/wiki/P._Schuyler_Miller" title="P. Schuyler Miller">P. Schuyler Miller</a> (1912–1974)</dd>
<dd><a href="/wiki/Walter_M._Miller,_Jr." title="Walter M. Miller, Jr.">Walter M. Miller, Jr.</a> (1923–1996) <i><a href="/wiki/A_Canticle_for_Leibowitz" title="A Canticle for Leibowitz">A Canticle for Leibowitz</a></i></dd>
<dd><a href="/wiki/Edward_Page_Mitchell" title="Edward Page Mitchell">Edward Page Mitchell</a> (1852–1927)</dd>
<dd><a href="/wiki/Kirk_Mitchell" title="Kirk Mitchell">Kirk Mitchell</a> (born 1950)</dd>
<dd><a href="/wiki/Syne_Mitchell" title="Syne Mitchell">Syne Mitchell</a> (born 1970)</dd>
<dd><a href="/wiki/Naomi_Mitchison" title="Naomi Mitchison">Naomi Mitchison</a> (1897–1999)</dd>
<dd><a href="/wiki/Premendra_Mitra" title="Premendra Mitra">Premendra Mitra</a> (1904–1988)</dd>
<dd><a href="/wiki/L._E._Modesitt,_Jr." title="L. E. Modesitt, Jr.">L. E. Modesitt, Jr.</a> (born 1943)</dd>
<dd><a href="/wiki/Donald_Moffitt" title="Donald Moffitt">Donald Moffitt</a> (born 1936)</dd>
<dd><a href="/wiki/Elizabeth_Moon" title="Elizabeth Moon">Elizabeth Moon</a> (born 1945)</dd>
<dd><a href="/wiki/Michael_Moorcock" title="Michael Moorcock">Michael Moorcock</a> (born 1939)</dd>
<dd><a href="/wiki/Alan_Moore" title="Alan Moore">Alan Moore</a> (born 1953)</dd>
<dd><a href="/wiki/C._L._Moore" title="C. L. Moore">C. L. Moore</a> (1born 1951)</dd>
<dd><a href="/wiki/Janusz_A._Zajdel" title="Janusz A. Zajdel" class="mw-redirect">Janusz A. Zajdel</a> (1938–1ki/George_Zebrowski" title="George Zebrowski">George Zebrowski</a> (born 1945)</dd>
<dd><a href="/wiki/Roger_Zelazny" title="Rogarah_Zettel" title="Sarah Zettel">Sarah Zettel</a> (born 1966)</dd>
<dd><a href="/wiki/Rafal_A._Ziemkiewicz" title="Rafal A. Ziemkiewicz" class="mw-redirect">Rafal A. Ziemkiewicz</a> (born 1964)</dd>
<dd><a href="/wiki/Andrzej_Ziemia%C5%84ski" title="Andrzej Ziemiański">Andrzej Ziemiański</a> (born 1960)</dd>
<dd><a href="/wiki/Aleksandar_Ziljak" title="Aleksandar Ziljak" class="mw-redirect">Aleksandar Ziljak</a> (born 1963)</dd>
<dd><a href="/wiki/Werner_Zillig" title="Werner Zillig">Werner Zillig</a> (born 1949)</dd>
<dd><a href="/wiki/David_Zindell" title="David Zindell">David Zindell</a> (born 1952)</dd>
<dd><a href="/wiki/Pamela_Zoline" title="Pamela Zoline">Pamela Zoline</a> (born 1941)</dd>
</dl>
<h2><span class="mw-headline" id="See_also">See also<ct">James Morrow</a> (born 1947)</dd>
<dd><a href="/wiki/Sam_Moskowitz" title="Sam Moskowitz">Sam Moskowitz</a> (1920–1997)</dd>
<dd><a href="/wiki/Pat_Murphy_(writer)" title="Pat Murphy (writer)">Pat Murphy</a> (born 1955)</dd>
</dl>
<h2><span class="mwry Niven</b></div>
</div>
</div>
<dl>
<dd><a href="/wiki/Linda_Nagata" title="Linda Nagata">Linda Nagata</a> (born 1960)</dd>
<dू नारळीकर)</dd>
<dd><a href="/wiki/Ondrej_Neff" title="Ondrej Neff" class="mw-redirect">Ondrej Neff</a> (born 1945)</dd>
<dd><a href="/wiki/Geoff_Nelder" title="Geoff Nelder">Geoff Nelder</a> (born 1947)</dd>
<dd><a href="/wiki/Ray_Nelson" title="Ray Nelson">Ray Nelson</a> (born 1931)</dd>
<dd><a href="/wiki/Istv%C3%A1n_Nemere" title="István Nemere">István Nemere</a> (born 1944)</dd>
<dd><a href="/wiki/Josef_Nesvadba" title="Josef Nesvadba">Josef Nesvadba</a> (1926–2005)</dd>
<dd><a href="/wiki/Kris_Neville" title="Kris Neville" class="mw-redirect">Kris Neville</a> (1925-1980)</dd>
<dd><a href="/wiki/Yuri_Nikitin/a> Юрий Никитин) (born 1939)</dd>
<dd><a href="/wiki/Larry_Niven" title="Larry Niven">Larry Niven</a> (born 1938)</dd>
<dd><a href="/wiki/Nick_Nielsen" title="Nick Nielsen">Nick Nielsen</a> (possibly pseudonym)</dd>
<dd><a href="/wiki/William_F._Nolan" title="William F. Nolan">William F. Nolan</a> (born 1928)</dd>
<dd><a href="/wiki/Jeff_Noon" title="Jeff Noon">Jeff Noon</a> (born 1957)</dd>
<dd><a href="/wiki/John_Norman" title="John Norman">John Norman</a> (born 1931), the <i><a href="/wiki/Gor" title="Gor">Gor</a></i> series</dd>
<dd><a href="/wiki/Lisanne_Norman" title="Lisanne Norman">Lisanne Norman</a> (born 1951)<ronin" title="Bernard Cronin">Bernard Cronin</a> (1884–1968))</dd>
<dd><a href="/wiki/Andre_Norton" title="Andre Norton">Andre Norton</a> (1912–2005) (pseudonym of Alice Mary Norton)</dd>
<dd><a href="/wiki/Alan_E._Nourse" title="Alan E. Nourse">Alan E. Nourse</a> (1928–1992)</dd>
<dd><a href="/wiki/Eric_S._Nylund" title="Eric S. Nylund" class="mw-redirect">Eric S. Nylund</a> (born 1964)</dd>
</dl>
<h2><span class="mw-headline" id="O">O</span><span class="mw-editsection"><span class="mw-editsection-brobert_C._O%27Brien_(author)" title="Robert C. O'Brien (author)">Robert C. O'Brien</a> (1918–1973)</dd>
<dd><a href="/wiki/Kevin_O%27Donnell,_Jr." title="Kevin O'Donnell, Jr.">Kevin O'Donnell, Jr.</a> (born 1950)</dd>
<dd><a href="/wiki/Patrick_O%27Leary_(writer)" title="Patrick O'Leary (writer)">Patrick O'Leary</a> (born 1952)</dd>
<dd><a href="/wiki/Vladimir_Obruchev" title="Vladimir Obruchev">Vladimir Obruchev</a> (1863–1956)</dd>
<dd><a href="/wiki/Andrew_J._Offutt" title="Andrew J. Offutt">Andrew J. Offutt</a> (born 1934)</dd>
<dd><a href="/wiki/Nnedi_Okorafor" title="Nnedi Okorafor">Nnedi Okorafor</a> (born 1974)</dd>
<dd><a href="/wiki/Chad_Oliver" title="Chad Oliver">Chad Oliver</a> (1928–1993)</dd>
<dd><a href="/wiki/Jerry_Oltion" title="Jerry Oltion">Jerry Oltion</a> (born 1957)</dd>
<dd><a href="/wiki/John_Ostrander" title="John Ostrander">John Ostrander</a> (born 1949)</dd>
<dd><a href="/wiki/Jerry_Ordway" title="Jerry Ordway">Jerry Ordway</a> (born 1957)</dd>
<dd><a href="/wiki/Marek_Oramus" title="Marek Oramus">Marek Oramus</a> (born 1952)</dd>
<dd><a href="/wiki/Rebecca_Ore" title="Rebecca Ore">Rebecca Ore</a> (born 1948)</dd>
<dd><a href="/wiki/George_Orwell" title="George Orwell">George Orwell</a> (1903–1950) (pseudonym of Eric Arthur Blair)</dd>
</dl>
<h2><span class="mw-headline" id="P">P</span><span class="mw-editsection"><span class="mw-editsection-bracket">de</a></i></dd>
<dd><a href="/wiki/David_R._Palmer" title="David R. Palmer">David R. Palmer</a> (born 1941)</dd>
<dd><a href="/wiki/Raymond_A._Palmer" title="Raymond A. Palmer">Raymond A. Palmer</a> (1910–1977)</dd>
<dd><a href="/wiki/Edgar_Pangborn" title="Edgar Pangborn">Edgar Pangborn</a> (1909–1976)</dd>
<dd><a href="/wiki/Alexei_Panshin" title="Alexei Panshin">Alexei Panshin</a> (born 1940)</dd>
<dd><a href="/wiki/Cory_Panshin" title="Cory Panshin">Cory Panshin</a>, born (1947)</dd>
<dd><a href="/wiki/James_Patterson" title="James Patterson">James Patterson</a> (born 1947)</dd>
<dd><a href="/wiki/Stel_Pavlou" title="Stel Pavlou">Stel Pavlou</a> (born 1970)</dd>
<dd><a href="/wiki/Donald_G._Payne" title="Donald G. Payne">Donald G. Payne</a> (born 1924, also known as James Vance Marshall, Ian Cameron, and Donald Gordon)</dd>
<dd><a href="/wiki/Hayford_Peirce" title="Hayford Peirce">Hayford Peirce</a> (born 1942)</dd>
<dd><a href="/wiki/Charles_Pellegrino" title="Charles Pellegrino" class="mw-redirect">Charles Pellegrino</a> (born 1953)</dd>
<dd><a href="/wiki/Lawrence_Person" title="Lawrence Person" class="mw-redirect">Lawrence Person</a> (born 1965)</dd>
<dd><a href="/wiki/Steve_Perry_(author)" title="Steve Perry (author)">Steve Perry</a> (born 1947)</dd>
<dd><a href="/wiki/Emil_Petaja" title="Emil Petaja">Emil Petaja</a> (1915–2000)</dd>
<dd><a href="/wiki/John_T._Phillifent" title="John T. Phillifent">John T. Phillifent</a> (1916–1976)</dd>
<dd><a href="/wiki/Mark_Phillips_(author)" title="Mark Phanifer</a> (1933–2002) and <a href="/wiki/Randall_Garrett" title="Randall Garrett">Randall Garrett</a> (1927–1987))</dd>
<dd><a href="/wiki/Rog_Phillips" title="Rog Phillips">Rog Phillips</a> (1909–1965) (pseudonym of Roger P. Graham)</dd>
<dd><a href="/wiki/Eden_Phillpotts" title="Eden Phillpotts">Eden Phillpotts</a> (1862–1960)</dd>
<dd><a href="/wiki/John_R._Pierce" title="John R. Pierce">John R. Pierce</a> (1910–2002) (also known as J.J. Coupling)</dd>
<dd><a href="/wiki/Marge_Piercy" title="Marge Piercy">Marge Piercy</a> (born 1936)</dd>
<dd><a href="/wiki/H._Beam_Piper" title="H. Beam Piper">H. Beam Piper</a> (1904–1964)</dd>
<dd><a href="/wiki/Doris_Piserchia" title="Doris Piserchia">Doris Piserchia</a> (born 1928)</dd>
<dd><a href="/wiki/Brian_Plante" title="Brian Plante">Brian Plante</a> (born 1956)</dd>
<dd><a href="/wiki/Charles_Platt_(science-fiction_author)" title="Charles Platt (science-fiction author)" class="mw-redirect">Charles Platt</a> (born 1945)</dd>
<dd><a href="/wiki/P._J._Plauger" title="P. J. Plauger">P. J. Plauger</a> (born 1944)</dd>
<dd><a href="/wiki/Van_Allen_Plexico" title="Van Allen Plexico">Van Allen Plexico</a> (born 1968)</dd>
<dd><a href="/wiki/Edgar_Allan_Poe" title="Edgar Allan Poe">Edgar Allan Poe</a> (1809–1849)</dd>
<dd><a href="/wiki/Frederik_Pohl" title="Frederik Pohl">Frederik Pohl</a> (1919-2013)</dd>
<dd><a href="/wiki/Arthur_Porges" title="Arthur Porges">Arthur Porges</a> (1915–2006)</dd>
<dd><a href="/wiki/Jerry_Pournelle" title="Jerry Pournelle">Jerry Pournelle</a> (born 1933)</dd>
<dd><a href="/wiki/Tim_Powers" title="Tim Powers">Tim Powers</a> (born 1952)</dd>
<dd><a hre">Discworld</a></i> series</dd>
<dd><a href="/wiki/Robert_Presslie" title="Robert Presslie">Robert Presslie</a> (1920–2002)</dd>
<dd><a href="/wiki/Paul_Preuss_(author)" title="Paul Preuss (author)">Paul Preuss</a> (born 1942)</dd>
<dd><a href="/wiki/Chrrn 1943)</dd>
<dd><a href="/wiki/Philip_Pullman" title="Philip Pullman">Philip Pullman</a> (born 1946)</dd>
</dl>
<h2><span clas/dd>
<dd><a href="/wiki/William_Thomas_Quick" title="William Thomas Quick">William Thomas Quick</a> (born 1946)</dd>
<dd><a href="/wiki/Daniel_Quinn" title="Daniel Quinn">Daniel Quinn</a> (born 1935)</dd>
</dl>
<h2><span class="mw-headline" id="R">R</span>> (1905–1982)</dd>
<dd><a href="/wiki/Sujatha_Rangarajan" title="Sujatha Rangarajan">Sujatha Rangarajan</a> (1935–2008)</dd>fdb.org/cgi-bin/ea.cgi?Bill_Ransom">ISFDB</a></dd>
<dd><a href="/wiki/Carlos_Rasch" title="Carlos Rasch">Carlos Rasch</a> (born 1932)</dd>
<dd><a href="/wiki/Melanie_Rawn" title="Melanie Rawn">Melanie Rawn</a> (born 1954)</dd>
<dd><a href="/wiki/Satyajit_Ray" title="Satyajit Ray">Satyajit Ray</a> (1921–1992)</dd>
<dd><a href="/wiki/Tom_Reamy" title="Tom Reamy">Tom Reamy</a> (1935–1977)</dd>
<dd><a href="/wiki/Robert_Reed_(author)" title="Robert Reed (author)">Robert Reed</a> (born 1956)</dd>
<dd><a href="/wiki/Miha_Remec" title="Miha Remec">Miha Remec</a> (born 1928)</dd>
<dd><a href="/wiki/Laura_Resnick" title="Laura Resnick">Laura Resnick</a> (born 1962)</dd>
<dd><a href="/wiki/Mike_Resnick" title="Mike Resnick">Mike Resnick</a> (born 1942)</dd>
<dd><a href="/wiki/Alastair_Reynolds" title="Alastair Reynolds">Alastair Reynolds</a> (born 1966)</dd>
<dd><a href="/wiki/Mack_Reynolds" title="Mack Reynolds">Mack Reynolds</a> (1917–1983)</dd>
<dd><a href="/wiki/Christopher_Rice" title="Christopher Rice">Christopher Rice</a> (born 1978)</dd>
<dd><a href="/wiki/John_Ringo" title="John Ringo">John Ringo</a> (born 1963)</dd>
<dd><a href="/wiki/Adam_Roberts_(British_writer)" title="Adam Roberts (British writer)">Adam Roberts</a> (born 1965)</dd>
<dd><a href="/wiki/Keith_Roberts" title="Keith Roberts">Keith Roberts</a> (1935–2000)</dd>
<dd><a href="/wiki/Shauna_S._Roberts" title="Shauna S. Roberts">Shauna S. Roberts</a> (born 1956)</dd>
<dd><a href="/wiki/Frank_M._Robinson" title="Frank M. Robinson">Frank M. Robinson</a> (born 1926)</dd>
<dd><a href="/wiki/Jeanne_Robinson" title="Jeanne Robinson">Jeanne Robinson</a> (1948–2010)</dd>
<dd><a href="/wiki/Kim_Stanley_Robinson" title="Kim Stanley Robinson">Kim Stanley Robinson</a> (born 1952)</dd>
<dd><a href="/wiki/Spider_Robinson" title="Spider Robinson">Spider Robinson</a> (born 1948)</dd>
<dd><a href="/wiki/Justina_Robson" title="Justina Robson">Justina Robson</a> (born 1968)</dd>
<dd><a href="/wiki/Esther_Rochon" title="Esther Rochon">Esther Rochon</a>(born 1948)</dd>
<dd><a href="/wiki/Ross_Rocklynne" title="Ross Rocklynne">Ross Rocklynne</a> (1913–1988)</dd>
<dd><a href="/wiki/Gene_Rod/a></i></dd>
<dd><a href="/wiki/Simon_Rose_(author)" title="Simon Rose (author)">Simon Rose</a> (born 1961)</dd>
<dd><a href="/wGuardians of the Flame</i></dd>
<dd><a href="/wiki/J.-H._Rosny" title="J.-H. Rosny">J.-H. Rosny</a> (joint pseudonym of Joseph (1856–1940) and Séraphin (1859–1948) Boex)</dd>
<dd><a href="/wiki/Patrick_Rothfuss" title="Patrick Rothfuss">Patrick Rothfuss</a> (born 1973)</dd>
<dd><a href="/wiki/Milton_A._Rothman" title="Milton A. Rothman">Milton A. Rothman</a> (1919–2001)</dd>
<dd><a href="/wiki/Tony_Rothman" title="Tony Rothman">Tony Rothman</a> (born 1953)</dd>
<dd><a href="/wiki/William_Rotsler" title="William Rotsler">William Rotsler</a> (1926–1997)</dd>
<dd><a href="/wiki/Christopher_Rowley" title="Christopher Rowley">Christopher Rowley</a> (born 1948)</dd>
<dd><a href="/wiki/Rudy_Rucker" title="Rudy Rucker">Rudy Rucker</a> (born 1946)</dd>
<dd><a href="/wiki/Kristine_Kathryn_Rusch" title="Kristine Kathryn Rusch">Kristine Kathryn Rusch</a> (born 1960)</dd>
<dd><a href="/wiki/Joanna_Russ" title="Joanna Russ">Joanna Russ</a> (1937-2011)</dd>
<dd><a href="/wiki/Richard_Paul_Russo" title="Richard Paul Russo">Richard Paul Russo</a> (born 1954)</dd>
<dd><a href="/wiki/Eric_Frank_Russell" title="Eric Frank Russell">Eric Frank Russell</a> (1905–1978)</dd>
<dd><a href="/wiki/Mary_Doria_Russell" title="Mary Doria Russell">Mary Doria Russell</a> (born 1950)</dd>
<dd><a href="/wiki/Geoff_Ryman" title="Geoff Ryman">Geoff Ryman</a> (born 1951)</dd>
</dl>
<h2><span class="mw-headline" iki/Fred_Saberhagen" title="Fred Saberhagen">Fred Saberhagen</a> (1930–2007)</dd>
<dd><a href="/wiki/Carl_Sagan" title="Carl Sagan">Carl Sagan</a> (1934–1996)</dd>
<dd><a href="/wiki/Nick_Sagan" title="Nick Sagan">Nick Sagan</a> (born 1970)</dd>
<dd><a  autonumber" href="http://www.readersadvice.com/mmeade/scatwlds/imhome.html">[1]</a></dd>
<dd><a href="/wiki/Margaret_St._Clair" title="Margaret St. Clair">Margaret St. Clair</a> (1911–1995) (also known as Idris Seabright)</dd>
<dd><a href="/wiki/Emilio_Salgari" title="Emilio Salgari">Emilio Salgari</a> (1862–1911)</dd>
<dd><a href="/wiki/Domingo_Santos" title="Domingo Santos">Domingo Santos</a> (born 1941) (pseudonym of Pedro Domingo Mutiñó)</dd>
<dd><a href="/wiki/Pamela_Sargent" title="Pamela Sargent">Pamela Sargent</a> (born 1948)</dd>
<dd><a href="/wiki/Al_Sarrantonio" title="Al Sarrantonio">Al Sarrantonio</a> (born 1952)</dd>
<dd><a href="/wiki/Robert_J._Sawyer" title="Robert J. Sawyer">Robert J. Sawyer</a> (born 1960)</dd>
<dd><a href="/wiki/John_Scalzi" title="John Scalzi">John Scalzi</a> (born 1969)</dd>
<dd><a href="/wiki/Nat_Schachner" title="Nat Schachner">Nat Schachner</a> (1895–1955)</dd>
<dd><a href="/wiki/Paul_Scheerbart" title="Paul Scheerbart">Paul Scheerbart</a> (1863–1915)</dd>
<dd><a href="/wiki/James_H._Schmitz" title="James H. Schmitz">James H. Schmitz</a> (1911–1974)</dd>
<dd><a href="/wiki/Stanley_Schmidt" title="Stanley Schmidt">Stanley Schmidt</a> (born 1944)</dd>
<dd><a href="/wiki/Karl_Schroeder" title="Karl Schroeder">Karl Schroeder</a> (born 1962)</dd>
<dd><a href="/wiki/J._Neil_Schulman" title="J. Neil Schulman">J. Neil Schulman</a> (born 1953)</dd>
<dd><a href="/wiki/George_H._Scithers" title="George H. Scithers">George H. Scithers</a> (born 1929)</dd>
<dd><a href="/wiki/Thomas_N._Scortia" title="Thomas N. Scortia">Thomas N. Scortia</a> (1926–1986)</dd>
<dd><a href="/wiki/Arthur_Sellings" title="Arthur Sellings">Arthur Sellings</a> (1911–1968)</dd>
<dd><a href="/wiki/J%C3%B3zef_S%C4%99kowski" title="Józef Sękowski" class="mw-redirect">Józef Sękowski</a> (1800–1858)</dd>
<dd><a href="/wiki/Rod_Serling" title="Rod Serling">Rod Serling</a> (1924–1975)</dd>
<dd><a href="/wiki/Michael_Shaara" title="Michael Shaara">Michael Shaara</a> (1928–1988)</dd>
<dd><a hrhapiro</a> (born 1978)</dd>
<dd><a href="/wiki/William_Shatner" title="William Shatner">William Shatner</a> (born 1931)</dd>
<dd><a href="/wiki/Richard_S._Shaver" title="Richard S. Shaver" class="mw-redirect">Richard S. Shaver</a> (1907–1975)</dd>
<dd><a href="/wiki/Bob_Shaw" title="Bob Shaw">Bob Shaw</a> (1931–1996)</dd>
<dd><a href="/wiki/Nisi_Shawl" title="Nisi Shawl">Nisi Shawl</a> (born 1955)</dd>
<dd><a href="/wiki/Robert_Sheckley" title="Robert Sheckley">Robert Sheckley</a> (1928–2005)</dd>
<dd><a href="/wiki/Charles_Sheffield" title="Charles Sheffield">Charles Sheffield</a> (1935–2002)</dd>
<dd><a href="/wiki/Mary_Shelley" title="Mary Shelley">Mary Shelley</a> (1797–1851)</dd>
<dd><a href="/wiki/Lucius_Shepard" title="Lucius Shepard">Lucius Shepard</a> (born 1947)</dd>
<dd><a href="/wiki/Joel_Shepherd" title="Joel Shepherd">Joel Shepherd</a> (born 1974)</dd>
<dd><a href="/wiki/M._P._Shiel" title="M. P. Shiel">M. P. Shiel</a> (1865–1947)</dd>
<dd><a href="/wiki/T._L._Sherred" title="T. L. Sherred">T. L. Sherred</a> (1915–1985)</dd>
<dd><a href="/wiki/Lewis_Shiner" title="Lewis Shiner">Lewis Shiner</a> (born 1950)</dd>
<dd><a href="/wiki/Sharon_Shinn" title="Sharon Shinn">Sharon Shinn</a> (born 1957)</dd>
<dd><a href="/wiki/Wilmar_H._Shiras" title="Wilmar H. Shiras">Wilmar H. Shiras</a> (1908–1990)</dd>
<dd><a href="/wiki/John_Shirley" title="John Shirley">John Shirley</a> (born 1953)</dd>
<dd><a href="/wiki/Shumil" title="Shumil" class="mw-redirect">Shumil</a> (born 1957)</dd>
<dd><a href="/wiki/William_Shunn" title="William Shunn">William Shunn</a> (born 1967)</dd>
<dd><a href="/wiki/Lu%C3%ADs_Filipe_Silva" title="Luís Filipe Silva">Luís Filipe Silva</a> (born 1969)</dd>
<dd><a href="/wiki/Robert_Silverberg" title="Robert Silverberg">Robert Silverberg</a> (born 1935)</dd>
<dd><a href="/wiki/Clifford_D._Simak" title="Clifford D. Simak">Clifford D. Simak</a> (1904–1988)</dd>
<dd><a href="/wiki/Dan_Simmons" title="Dan Simmons">Dan Simmons</a> (born 1948)</dd>
<dd><a href="/wiki/Johanna_Sinisalo" title="Johanna Sinisalo">Johanna Sinisalo</a> (born 1958)</dd>
<dd><a href="/wiki/Curt_Siodmak" title="Curt Siodmak">Curt Siodmak</a> (1902–2000)</dd>
<dd><a href="/wiki/John_Sladek" title="John Sladek" class="mw-redirect">John Sladek</a> (1937–2000)</dd>
<dd><a href="/wiki/William_Sleator" title="William Sleator">William Sleator</a> (born 1945)</dd>
<dd><a href="/wiki/Joan_Slonczewski" title="Joan Slonczewski">Joan Slonczewski</a> (born 1956)</dd>
<dd><a href="/wiki/George_Edgar_Slusser" title="George Edgar Slusser">George Edgar Slusser</a> (born 1939)</dd>
<dd><a href="/wiki/Clark_Ashton_Smith" title="Clark Ashton Smith">Clark Ashton Smith</a> (1893–1961)</dd>
<dd><a href="/wiki/Cordwainer_Smith" title="Cordwainer Smith">Cordwainer Smith</a> (1913–1966) (pseudonym of Paul M.A. Linebarger)</dd>
<dd><a href="/wiki/E._E._Smith" title="E. E. Smith">E. E. Smith</a> (1890–1965)</dd>
<dd><a href="/wiki/Michael_Marshall_Smith" title="Michael Marshall Smith">Michael Marshall Smith</a> (born 1965)</dd>
<dd><a href="/wiki/George_O._Smith" title="George O. Smith">George O. Smith</a> (1911–1981)</dd>
<dd><a href="/wiki/L._Neil_Smith" title="L. Neil Smith">L. Neil Smith</a> (born 1946)</dd>
<dd><a href="/wiki/Melinda_Snodgrass" title="Melinda Snodgrass" class="mw-redirect">Melinda Snodgrass</a> (born 1951)</dd>
<dd><a href="/wiki/Jerry_Sohl" title="Jerry Sohl">Jerry Sohl</a> (1913–2002)</dd>
<dd><a href="/wiki/Martha_Soukup" title="Martha Soukup">Martha Soukup</a> (born 1959)</dd>
<dd><a href="/wiki/S title="Close Encounters of the Third Kind">Close Encounters of the Third Kind</a></i></dd>
<dd><a href="/wiki/Norman_Spinrad" title="Norman Spinrad">Norman Spinrad</a> (born 1940)</dd>
<dd><a href="/wiki/Nancy_Springer" title="Nancy Springer">Nancy Springer</a> (born 1948)</dd>
<dd><a href="/wiki/Margaret_St._Clair" title="Margaret St. Clair">Margaret St. Clair</a> (1911–1985)</dd>
<dd><a href="/wiki/Dana_Stabenow" title="Dana Stabenow">Dana Stabenow</a> (born 1952)</dd>
<dd><a href="/wiki/Brian_Stableford" title="Brian Stableford">Brian Stableford</a> (born 1948)</dd>
<dd><a href="/wiki/Michael_Stackpole" title="Michael Stackpole" class="mw-redirect">Michael Stackpole</a> (born 1957)</dd>
<dd><a href="/wiki/Olaf_Stapledon" title="Olaf Stapledon">Olaf Stapledon</a> (1886–1950)</dd>
<dd><a href="/wiki/Roman_Frederick_Starzl" title="Roman Frederick Starzl">Roman Frederick Starzl</a> (1899–1976)</dd>
<dd><a href="/wiki/Christopher_Stasheff" title="Christopher Stasheff">Christopher Stasheff</a> (born 1944)</dd>
<dd><a href="/wiki/John_Steakley" title="John Steakley">John Steakley</a> (born 1951)</dd>
<dd><a href="/wiki/Allen_Steele" title="Allen Steele">Allen Steele</a> (born 1958)</dd>
<dd><a href="/wiki/Angela_Steinm%C3%BCller" title="Angela Steinmüller">Angela Steinmüller</a> (born 1941)</dd>
<dd><a href="/wiki/Karlheinz_Steinm%C3%BCller" title="Karlheinz Steinmüller">Karlheinz Steinmüller</a> (born 1950)</dd>
<dd><a href="/wiki/Neal_Stephenson" title="Neal Stephenson">Neal Stephenson</a> (born 1959)</dd>
<dd><a href="/wiki/Jacques_Sternberg" title="Jacques Sternberg">Jacques Sternberg</a> (1923–2006)</dd>
<dd><a href="/wiki/Bruce_Sterling" title="Bruce Sterling">Bruce Sterling</a> (born 1954)</dd>
<dd><a href="/wiki/Francis_Stevens" title="Francis Srude Barrows Bennett">Gertrude Barrows Bennett</a>)</dd>
<dd><a href="/wiki/Marc_Stiegler" title="Marc Stiegler">Marc Stiegler</a> (born 1954)</dd>
<dd>Ron Stillman (pseudonym of <a href="/wiki/Don_Bendell" title="Don Bendell">Don Bendell</a>)</dd>
<dd><a href="/wiki/G._Harry_Stine" title="G. Harry Stine">G. Harry Stine</a> (1928–1997) (also known as Lee Corey)</dd>
<dd><a href="/wiki/S._M._Stirling" title="S. M. Stirling">S. M. Stirling</a> (born 1953)</dd>
<dd><a href="/wiki/John_E._Stith" title="John E. Stith">John E. Stith</a> (born 1947)</dd>
<dd><a href="/wiki/J._Michael_Straczynski" title="J. Michael Straczynski">J. Michael Straczynski</a> (born 1954), <i><a href="/wiki/Babylon_5" title="Babylon 5">Babylon 5</a></i></dd>
<dd><a href="/wiki/Giampietro_Stocco" title="Giampietro Stocco">Giampietro Stocco</a> (born 1961)</dd>
<dd><a href="/wiki/Manning_Lee_Stokes" title="Manning Lee Stokes">Manning Lee Stokes</a> (1911-1976)</dd>
<dd><a href="/wiki/Charles_Stross" title="Charles Stross">Charles Stross</a> (born 1964)</dd>
<dd><a href="/wiki/Arkady_and_Boris_Strugatsky" title="Arkady and Boris Strugatsky">Arkady and Boris Strugatspan>]</span></a></sup>)</dd>
<dd><a href="/wiki/Theodore_Sturgeon" title="Theodore Sturgeon">Theodore Sturgeon</a> (1918–1985) (pseudonym of Edward Hamilton Waldo)</dd>
<dd><a href="/wiki/Somtow_Sucharitkul" title="Somtow Sucharitkul" class="mw-redirect">Somtow Sucharitkul</a> (also known as S. P. Somtow)</dd>
<dd><a href="/wiki/Richard_J._Sutcliffe" title="Richard J. Sutcliffe">Richard J. Sutcliffe</a> (born 1947)</dd>
<dd><a href="/wiki/Michael_Swanwick" title="Michael Swanwick">Michael Swanwick</a> (born 1950)</dd>
<dd><a href="/wiki/Jonathan_Swift" title="Jonathan Swift">Jonathan Swift</a> (1667–1745)</dd>
<dd><a href="/wiki/Michael_Szameit" title="Michael Szameit">Michael Szameit</a> (born 1950)</dd>
</dl>
<h2><span class="mw-headline" id="T">T</spa)</dd>
<dd><a href="/wiki/Stephen_Tall" title="Stephen Tall">Stephen Tall</a> (1908–1981) (pseudonym of <a href="/wiki/Compton_N._Crook" title="Compton N. Crook" class="mw-redirect">Compton N. Crook</a>)</dd>
<dd><a href="/wiki/Yoshiki_Tanaka" title="Yosoes">Legend of the Galactic Heroes</a></i></dd>
<dd><a href="/wiki/Charles_R._Tanner" title="Charles R. Tanner">Charles R. Tanner</a> (1896–1974)</dd>
<dd><a href="/wiki/Andrius_Tapinas" title="Andrius Tapinas">Andrius Tapinas</a> (born 1977)</dd>
<dd><aomic</a> <i><a href="/wiki/Schlock_Mercenary" title="Schlock Mercenary">Schlock Mercenary</a></i></dd>
<dd><a href="/wiki/Mark_Anthony_Taylor" title="Mark Anthony Taylor" class="mw-redirect">Mark Anthony Taylor</a> (born 1970)</dd>
<dd><a href="/wiki/Travis_S_Taylor" title="Travis S Taylor" class="mw-redirect">Travis S Taylor</a> (born 1968)</dd>
<dd><a href="/wiki/Steve_Rasnic_Tem" title="Steve Rasnic Tem">Steve Rasnic Tem</a> (born 1950)</dd>
<dd><a href="/wiki/William_F._Temple" title="William F. Temple">William F. Temple</a> (1914–1989)</dd>
<dd><a href="/wiki/Tais_Teng" title="Tais Teng">Tais Teng</a> (born 1952) (nom de plume of Thijs van Ebbenhorst Tengbergen)</dd>
<dd><a href="/wiki/William_Tenn" title="William Tenn">William Tenn</a> (1920–2010) (pseudonym of Philip Klass)</dd>
<dd><a href="/wiki/Sheri_S._Tepper" title="Sheri S. Tepper">Sheri S. Tepper</a> (born 1929)</dd>
<dd><a href="/wiki/Tom_Terry_(author)" title="Tom Terry (author)" class="mw-redirect">Tom Terry</a> (born 1963)</dd>
<dd><a href="/wiki/Walter_Tevis" title="Walter Tevis">Walter Tevis</a> (1928–1984)</dd>
<dd><a href="/wiki/Robert_Thurston" title="Robert Thurston">Robert Thurston</a> (born 1936)</dd>
<dd><a href="/wiki/Mark_W._Tiedemann" title="Mark W. Tiedemann">Mark W. Tiedemann</a> (born 1954)</dd>
<dd><a href="/wiki/Patrick_Tilley" title="Patrick Tilley">Patrick Tilley</a> (born 1928)</dd>
<dd><a hrym of <a href="/wiki/Alice_Sheldon" title="Alice Sheldon" class="mw-redirect">Alice Sheldon</a>)</dd>
<dd><a href="/wiki/Alekseiª—Å—Ç–æ–π)</dd>
<dd><a href="/wiki/Karen_Traviss" title="Karen Traviss">Karen Traviss</a></dd>
<dd><a href="/wiki/Edwin_Charles_Tubb" title="Edwin Charles Tubb">Edwin Charles Tubb</a> (1919–2010)</dd>
<dd><a href="/wiki/George_Tucker_(politician)" title="George Tucker (politician)">George Tucker</a> (1775–1861)</dd>
<dd><a href="/wiki/Wilson_Tucker" title="Wilson Tucker">Wilson Tucker</a> (1914–2006)</dd>
<dd><a href="/wiki/George_Turner_(writer)" title="George Turner (writer)">George Turner</a> (1916–1997)</dd>
<dd><a href="/wiki/Harry_Turtledove" title="Harry Turtledove">Harry Turtledove</a> (born 1949)</dd>
<dd><a href="/wiki/Mary_Turzillo" title="Mary Turzillo">Mary Turzillo</a> (born 1940)</dd>
<dd><a href="/wiki/John_Twelve_Hawks" title="John Twelve Hawks">John Twelve Hawks</a></dd>
<dd><a href="/wiki/Kathy_Tyers" title="Kathy Tyers">Kathy Tyers</a> (born 1952)</dd>
</d8–2013)</dd>
</dl>
<h2><span class="mw-headline" id="V">V</span><span class="mw-editsection"><span class="mw-editsection-brack="/wiki/Jack_Vance" title="Jack Vance">Jack Vance</a> (1916-2013)</dd>
<dd><a href="/wiki/Jeff_VanderMeer" title="Jeff VanderMeer">Jeff VanderMeer</a> (born 1968)</dd>
<dd><a href="/wiki/James_Van_Pelt" title="James Van Pelt">James Van Pelt</a> (born 1954)</dd>
<dd><a href="/wiki/Sydney_J._Van_Scyoc" title="Sydney J. Van Scyoc">Sydney J. Van Scyoc</a> (born 1939)</dd>
<dd><a href="/wiki/Robert_E._Vardeman" title="Robert E. Vardeman">Robert E. Vardeman</a> (born 1947)</dd>
<dd><a href="/wiki/A._E._van_Vogt" title="A. E. van Vogt">A. E. van Vogt</a> (1912–2000)</dd>
<dd><a href="/wiki/John_Varley_(author)" title="John Varley (author)">John Varley</a> (born 1947)</dd>
<dd><a href="/wiki/Vladimir_Vasilyev_(writer)" title="Vladimir Vasilyev (writer)">Vladimir Vasilyev</a> (born 1967)</dd>
<dd>Vercors (1902–1991) (pseudonym of <a href="/wiki/Jean_Bruller" title="Jean Bruller">Jean Bruller</a>)</dd>
<dd><a href="/wiki/Jules_Verne" title="Jules Verne">Jules Verne</a> (1828–1905)</dd>
<dd><a href="/wiki/Joan_D._Vinge" title="Joan D. Vinge">Joan D. Vinge</a> (born 1948)</dd>
<dd><a href="/wiki/Vernor_Vinge" title="Vernor Vinge">Vernor Vinge</a> (born 1944)</dd>
<dd><a href="/wiki/Voltaire" title="Voltaire">Voltaire</a> (1694–1778)</dd>
<dd><a href="/wiki/Elisabeth_Vonarburg" title="Elisabeth Vonarburg" class="mw-redirect">Elisabeth Vonarburg</a> (born 1947)</dd>
<dd><a href="/wiki/Kurt_Vonnegut,_Jr." title="Kurt Vonnegut, Jr." class="mw-redirect">Kurt Vonnegut, Jr.</a> (1922–2007)</dd>
</dl>
<h2><span class="mw)</dd>
<dd><a href="/wiki/Howard_Waldrop" title="Howard Waldrop">Howard Waldrop</a> (born 1946)</dd>
<dd><a href="/wiki/F._L._Wallace" title="F. L. Wallace">F. L. Wallace</a> (also known as Floyd Wallace)</dd>
<dd><a href="/wiki/Ian_Wallace_(author)" title="Ian Wallace (author)">Ian Wallace</a> (1912–1998)</dd>
<dd><a href="/wiki/Hugh_Walters_(author)" title="Hugh Walters (author)">Hugh Walters</a> (1910–1993)</dd>
<dd><a href="/wiki/Donald_Wandrei" title="Donald Wandrei">Donald Wandrei</a> (1908–1987)</dd>
<dd><a href="/wiki/Ian_Watson_(author)" title="Ian Watson (author)">Ian Watson</a> (born 1943)</dd>
<dd><a href="/wiki/Lawrence_Watt-Evans" title="Lawrence Watt-Evans">Lawrence Watt-Evans</a> (born 1954)</dd>
<dd><a href="/wiki/Peter_Watts_(author)" title="Peter Watts (author)">Peter Watts</a> (born 1958)</dd>
<dd><a href="/wiki/Don_Webb_(writer)" title="Don Webb (writer)">Don Webb</a> (born 1960)</dd>
<dd><a href="/wiki/David_Weber" title="David Weber">David Weber</a> (born 1952), <i><a href="/wiki/Honor_Harrington" title="Honor Harrington">Honor Harrington</a></i> series</dd>
<dd><a href="/wiki/Stanley_G._Weinbaum" title="Stanley G. Weinbaum">Stanley G. Weinbaum</a> (1902–1935)</dd>
<dd><a href="/wiki/Jan_Weiss" title="Jan Weiss">Jan Weiss</a> (1892–1972)</dd>
<dd><a href="/wiki/Angus_Wells" title="Angus Wells">Angus Wells</a> (1943–2006)</dd>
<dd><a href="/wiki/H._G._Wells" title="H. G. Wells">H. G. Wells</a> (1866–1946)</dd>
<dd><a href="/wiki/Martha_Wells" title="Martha Wells">Martha Wells</a> (born 1964)</dd>
<dd><a href="/wiki/K._D._Wentworth" title="K. D. Wentworth">K. D. Wentworth</a> (1951–2012)</dd>
<dd><a href="/wiki/Bernard_Werber" title="Bernard Werber">Bernard Werber</a> (born 1961)</dd>
<dd><a href="/wiki/Wallace_West" title="Wallace West">Wallace West</a> (1900–1980)</dd>
<dd><a href="/wiki/Scott_Westerfeld" title="Scott Westerfeld">Scott Westerfeld</a> (born 1963)</dd>
<dd><a href="/wiki/Suzanne_Weyn" title="Suzanne Weyn">Suzanne Weyn</a> (born 1955)</dd>
<dd><a href="/wiki/r General">Sector General</a></i> series</dd>
<dd><a href="/wiki/Steve_White_(science_fiction)" title="Steve White (science fiction)">Steve White</a> (born 1946)</dd>
<dd><a href="/wiki/Ted_White_(author)" title="Ted White (author)">Ted White</a> (born 1938)</dd>
<dd><a href="/wiki/Sonny_Whitelaw" title="Sonny Whitelaw">Sonny Whitelaw</a> (born 1956), <i><a href="/wiki/Stargate" title="Stargate">Stargate</a></i> series</dd>
<dd><a href="/wiki/Cherry_Wilder" title="Cherry Wilder">Cherry Wilder</a> (1930–2002)</dd>
<dd><a href="/wiki/Kate_Wilhelm" title="Kate Wilhelm">Kate Wilhelm</a> (born 1928)</dd>
<dd><a href="/wiki/Lynda_Williael Universe</a></i> series</dd>
<dd><a href="/wiki/Liz_Williams" title="Liz Williams">Liz Williams</a> (born 1965)</dd>
<dd><a hD (comics)">2000 AD</a></dd>
<dd><a href="/wiki/Sean_Williams_(author)" title="Sean Williams (author)">Sean Williams</a> (born 1967)</dd>
<dd><a href="/wiki/Tad_Williams" title="Tad Williams">Tad Williams</a> (born 1957), <i><a href="/wiki/Otherland" title="Otherland">Otherland</a></i></dd>
<dd><a href="/wiki/Walter_Jon_Williams" title="Walter Jon Williams">Walter Jon Williams</a> (born 1953)</dd>
<dd><a href="/wiki/Jack_Williamson" title="Jack Williamson">Jack Williamson</a> (1908–2006)</dd>
<dd><a href="/wiki/Michael_Z._Williamson" title="Michael Z. Williamson">Michael Z. Williamson</a> (born 1967)</dd>
<dd><a href="/wiki/Connie_Willis" title="Connie Willis">Connie Willis</a> (born 1945)</dd>
<dd><a href="/wiki/Colin_Wilson" title="Colin Wilson">Colin Wilson</a> (born 1931)</dd>
<dd><a href="/wiki/D._Harlan_Wilson" title="D. Harlan Wilson">D. Harlan Wilson</a> (born 1971)</dd>
<dd><a href="/wiki/F._Paul_Wilson" title="F. Paul Wilson">F. Paul Wilson</a> (born 1946)</dd>
<dd><a href="/wiki/Robert_Anton_Wilson" title="Robert Anton Wilson">Robert Anton Wilson</a> (1932–2007)</dd>
<dd><a href="/wiki/Robert_Charles_Wilson" title="Robert Charles Wilson">Robert Charles Wilson</a> (born 1953)</dd>
<dd><a href="/wiki/Richard_Wilson_(author)" title="Richard Wilson (author)">Richard Wilson</a> (1920-1987)</dd>
<dd><a href="/wiki/David_Wingrove" title="David Wingrove">David Wingrove</a> (born 1954), <i><a href="/wiki/Chung_Kuo_(novel_series)" title="Chung Kuo (novel series)">Chung Kuo</a></i> series</dd>
<dd><a href="/wiki/Adam_Wi%C5%9Bniewski-Snerg" title="Adam Wiśniewski-Snerg">Adam Wiśniewski-Snerg</a> (1937–1995)</dd>
<dd><a href="/wiki/Otto_Witt" title="Otto Witt">Otto Witt</a> (1875–1923)</dd>
<dd><a href="/wiki/Gene_Wolfe" title="Gene Wolfe">Gene Wolfe</a> (born 1931)</dd>
<dd><a href="/wiki/Donald_A._Wollheim" title="Donald A. Wollheim">Donald A. Wollheim</a> (1914–1990) (various pseudonyms)</dd>
<dd><a href="/wiki/Edmund_Wnuk-Lipinski" title="Edmund Wnuk-Lipinski" class="mw-redirect">Edmund Wnuk-Lipinski</a> (born 1944)</dd>
<dd><a href="/wiki/Jack_Womack" title="Jack Womack">Jack Womack</a> (born 1956)</dd>
<dd><a href="/wiki/J" title="The Golden Age trilogy" class="mw-redirect">The Golden Age trilogy</a></i></dd>
<dd><a href="/wiki/S._Fowler_Wright" title="S. Fowler Wright">S. Fowler Wright</a> (1874–1965)</dd>
<dd><a href="/wiki/Stefan_Wul" title="Stefan Wul">Stefan Wul</a> (1922–2003) (pseudonym of Pierre Pairault)</dd>
<dd><a href="/wiki/Philip_Wylie" title="Philip Wylie">Philip Wylie</a> (1902-1971)</dd>
<dd><a href="/wiki/John_Wyndham_(writer)" title="John Wyndham (writer)" class="mw-redirect">John Wyndham</a> (1903–1969) (pseudonym of John Beynon Harris)</dd>
</dl>
<h2><span class="mw-headline" id="X">X</span><span class="mw-editsection"><spaharles Yu</b>, 2011</div>
</div>
</div>
<dl>
<dd><a href="/wiki/Tetsu_Yano" title="Tetsu Yano">Tetsu Yano</a> (1923–2004)</dd>
<dd><a href="/wiki/Jane_Yolen" title="Jane Yolen">Jane Yolen</a> (born 1939)</dd>
<dd><a href="/wiki/Robert_Franklin_Young" title="Robert Franklin Young" class="mw-redirect">Robert Franklin Young</a> (1915–1986)</dd>
<dd><a href="/wiki/Charles_Yu" title="Charles Yu">Charles Yu</a> (born 1976)</dd>
</dl>
<h2><span class="mw-headline" id="Z">Z</span><span class="mw-editsection"><sborn 1951)</dd>
<dd><a href="/wiki/Janusz_A._Zajdel" title="Janusz A. Zajdel" class="mw-redirect">Janusz A. Zajdel</a> (1938–1